ym,parent,n_remits,applied
2026-02,KAISERNTAP,11,
2024-11,KAISERMTAP,10,
2024-06,CENFIDELIS,50,39295.95
2026-02,KaiserSTap,11,
2025-08,KAISER_PSC,1,
2025-09,KAISER_WA,2,
2026-04,KAISER_PSC,4,
2025-02,AHP_RX,15,39391.04
2025-12,BCBSNC,17,-1964.16
2026-06,EMBLEM_FAC,132,52027.96
2024-12,HAP_RX,2,97419.97
2026-01,PREMERA,11,
2025-04,CHRISTUS,22,26807.65
2025-06,CIGNA_POW,36,376126.59
2025-02,OSC_RX,1,10587.69
2024-08,CIGNA_POW,36,76315.76
2025-12,BCBSSC,12,
2025-09,PREMERA,7,
2024-12,HSS_RX,4,17324.01
2024-07,PREMERA,21,-4764.54
2024-12,OSC_RX,1,20963.46
2026-01,KaiserSTap,27,24720.37
2026-08,CEN,1230,1191940.38
2025-05,THP,2,629.59
2024-07,KAISERNW,3,
2025-10,KAISER_PSC,6,
2026-06,KAISERNTAP,8,
2024-08,EMBLEM_FAC,287,413295.76
2024-12,CEN,1040,1191054.83
2026-05,KaiserSTap,29,
2025-07,KAISERNTAP,10,
2024-10,KaiserAmM2,1,
2024-12,AHP_RX,28,5524.68
2026-01,KAISERCO,1,
2024-06,THP_PUBLIC,11,-5507.5
2025-01,THP_MEDPRF,34,10956.33
2025-03,KAISERCO,3,
2025-01,MEDICADEAN,2,937.49
2026-07,BSCA_FAC,14,-28856.13
2025-02,THP_PUBLIC,1,6598.24
2024-07,CIGNA_POW,37,33136.11
2026-09,CAREFIRST,149,1616.48
2025-12,AETNA_CHK,37,36253.3
2024-11,(no claim allocation),181,111527.4
2024-11,THP,2,
2025-05,HNENGLAND,6,19463.05
2026-03,AHP,2496,1284625.28
2026-02,KAISERCO,2,
2025-08,EMBLEM_FAC,240,290863.25
2025-05,CHRISTUS,24,25899.15
2025-04,MEDICA,152,725825.2
2026-05,KAISER_PSC,10,
2024-12,CENFIDELIS,85,55566.78
2025-06,PREMERA,6,0.0
2025-04,GHI_RX,3,7200.95
2025-11,AHRP_RX,31,-1414.35
2024-11,BCBSNC,9,
2024-09,THP_MEDPRF,34,14416.9
2024-12,GHI_RX,9,21701.96
2025-12,KAISER_PNC,2,
2024-10,HSS_RX,1,1185.31
2026-05,KaiserAmbS,13,
2024-06,KaiserAmM2,1,
2026-02,KaiserAmbS,6,
2024-08,CIGNA_FAC,1303,1426980.61
2025-07,EMBLEM_FAC,584,169955.02
2024-07,GHI,2,100.0
2024-07,CIGNA_FAC,1254,2204672.13
2025-04,OSC_RX,5,14769.01
2024-10,CENFIDELIS,104,81246.98
2024-06,OSC_RX,8,
2025-07,KaiserAmbS,4,
2024-08,BCBSNC_RX,1,
2025-11,CIGNA_FAC,1545,2892534.09
2024-09,MEDICADEAN,3,468.53
2025-03,KAISERNTAP,17,
2026-05,EMBLEM_FAC,182,183524.26
2025-08,KaiserSTap,16,
2024-10,CEN,1213,2098097.34
2024-10,GHI_RX,4,5745.69
2024-07,KAISERAMNW,1,
2025-11,CIGNA_PRO,2206,1808864.34
2024-12,BCBSSC,24,1437.09
2025-12,(no claim allocation),16,
2026-03,CIGNA_PRO,3231,4217576.7
2025-11,PREMERA,15,
2025-02,KAISERAMHI,2,
2025-09,CIGNA_PRO,2799,3268612.79
2026-01,KAISER_PSC,4,
2026-02,EMBLEM_FAC,217,173608.1
2026-01,EMBLEM_FAC,222,184666.33
2026-09,GEHA,167,210001.01
2026-01,AHRP_RX,20,10419.16
2024-07,CIGNA_PRO,1928,2502517.24
2025-10,KAISERCO,2,
2026-04,AHRP,242,222480.77
2026-01,CIGNA_POW,32,354968.86
2024-06,KAISERAMHI,2,
2025-05,AETNA_CHK,14,11954.09
2026-07,MEDICA,54,160661.63
2024-10,AHP_RX,16,18362.17
2026-04,BCBSFL,19,
2025-05,THP_PUBLIC,1,
2025-12,AEHMO_RX,1,
2025-09,KaiserAmbS,1,
2024-06,CEN,975,1813297.45
2026-07,HNENGLAND,5,17758.62
2026-06,KaiserSTap,47,
2026-02,KAISER_PSC,16,
2026-03,AHRP_RX,11,-19755.6
2024-11,BCBSSC,50,3192.28
2025-10,KAISERNTAP,1,
2025-10,EMBLEM_FAC,284,413871.61
2024-11,AEHMO,3,205.79
2025-05,EMBFAC_RX,2,37994.6
2025-02,HIP_RX,10,82028.67
2026-04,AHRP_RX,49,-8163.29
2025-06,BCBSFL,3,
2025-05,AEHMO,1,65.17
2024-10,HAP_RX,8,20673.29
2025-06,AHRP,344,542846.9
2026-08,MEDICA,97,259469.77
2025-03,BCBSNC_RX,3,
2025-02,CEN,1183,1039718.33
2025-12,HSS_RX,17,7830.27
2024-10,KAISERAMHI,3,
2026-08,BSCA_FAC,63,-354713.71
2024-11,AEHMO_RX,4,7745.94
2024-08,AHRP_RX,29,89049.92
2025-12,BCBSVT,2,
2025-11,AHRP,211,228715.13
2025-04,HSS_RX,3,3732.45
2025-12,HNENGLAND,8,3284.14
2025-08,KAISERNTAP,4,
2025-07,OSCAR,577,881437.84
2025-05,MEDICADEAN,5,1982.8
2024-12,THP,2,2670.68
2024-09,EMBLEM_FAC,338,268698.6
2025-05,OSC_RX,3,27556.44
2024-06,MEDICA,241,924717.49
2025-08,KaiserAmbS,4,
2025-05,BCBSSC,9,7248.1
2026-06,OSCAR,432,1721144.03
2026-03,PREMERA,15,-6612.77
2026-04,KaiserAmbS,8,
2025-07,KaiserSTap,45,836.48
2025-10,KaiserAmbS,3,
2025-09,CIGNA_FAC,1658,2318982.26
2024-11,KAISERAMGA,1,
2024-09,KAISERAMCO,2,
2026-04,CIGNA_PRO,2888,1845321.19
2025-04,KaiserAmM2,3,
2026-03,AHRP,269,301594.89
2025-06,CIGNA_FAC,1712,2478137.96
2025-12,KAISERMTAP,10,
2024-06,AHP_RX,31,48249.29
2025-07,KAISER_PSC,1,
2025-02,MEDICA,144,235504.32
2026-03,CIGNA_FAC,1963,1574874.42
2026-09,WELLCARE,3,626.46
2025-10,OSCAR,506,1422098.78
2024-06,CHRISTUS,11,141.94
2024-10,BCBSSC,28,11447.2
2025-09,BCBSFL,64,
2025-11,HNA_RX,3,
2025-09,AHRP,269,491186.16
2024-07,BCBSNCF_RX,1,5686.17
2026-07,HSS_RX,2,
2025-03,KaiserAmbS,15,
2026-05,OSCAR,616,1086813.92
2026-09,KaiserAmN2,1,
2025-01,OSCAR,484,1262187.48
2026-08,AHP_RX,41,28424.01
2026-01,CIGNA_FAC,1717,1553693.03
2026-09,CHRISTUS,9,11263.41
2024-08,PREMERA,60,0.0
2024-09,KaiserSTap,104,2042.3
2026-09,CENFIDELIS,22,189593.79
2026-01,AETNA_CHK,14,177.0
2026-05,BCBSSC,48,
2026-08,(no claim allocation),50,17521.12
2025-10,KaiserSTap,10,
2026-06,KaiserAmbS,6,
2026-05,BCBS_FACFG,6,
2025-05,GHI_RX,1,1976.73
2024-10,THP_PUBLIC,7,
2025-04,BSCA_FAC,1,
2026-07,HAP_RX,3,18166.44
2024-11,AETNA_CHK,5,-6741.56
2025-04,CENFIDELIS,144,12864.25
2025-05,(no claim allocation),1,
2025-08,BCBSSC,10,0.0
2026-08,CHRISTUS,24,6915.43
2025-11,MEDOH,25,68054.8
2025-11,WELLCARE,2,589.63
2024-08,KaiserSTap,58,
2026-07,AHP_RX,36,70730.53
2025-12,OSC_RX,19,16597.89
2025-04,HNENGLAND,2,231.52
2024-06,BCBSSC,17,
2026-02,OSCAR,560,690697.01
2024-12,EMBFAC_RX,1,3600.0
2026-05,KAISERNTAP,4,
2024-09,AEHMO_RX,1,109.86
2026-07,KAISERMTAP,3,
2025-02,BCBSFL,20,500.0
2025-02,EMBFAC_RX,4,1263.6
2025-02,GEHA,364,959388.97
2025-05,AHP_RX,18,4099.35
2024-12,CHRISTUS,15,13502.17
2025-11,KaiserAmbS,3,
2024-11,MEDICADEAN,4,18502.65
2024-10,AHRP,381,884991.05
2025-02,KAISERMTAP,13,
2025-05,KAISERMTAP,2,
2025-04,BCBSSC,6,26506.75
2024-09,OSCAR,409,1353915.34
2026-08,MMOH_RX,6,
2024-08,KaiserAmN2,8,0.0
2024-08,CEN_RX,2,1278.0
2025-04,BCBSNC,5,0.0
2026-05,HARVARDP,8,
2025-09,CEN_RX,13,63973.77
2025-08,AHRP_RX,14,23032.59
2026-06,BCBS_FACET,1,
2024-11,KAISERCO,2,
2024-12,KAISERMTAP,10,
2024-06,OSCAR,334,1815473.06
2026-03,CIGNA_POW,42,59950.48
2025-07,BCBSNCF_RX,1,2098.94
2026-02,HNA,125,289018.44
2025-11,CAREFIRST,53,232.66
2026-06,KAISER_PSC,6,
2025-12,AEHMO,1,
2025-04,HIP,1,
2025-04,AETNA_CHK,28,5970.31
2025-01,CIGNA_PRO,2297,2860739.64
2026-07,OSC_RX,7,8829.81
2025-10,HNA,111,259879.11
2024-07,MEDOH,28,2871.21
2025-05,KAISERNTAP,17,
2026-05,AETNA_CHK,2,629.06
2026-04,MEDOH,32,2933.28
2024-10,OSCAR,405,2225259.62
2025-06,GEHA,228,464891.28
2025-09,MEDOH,8,11197.08
2026-04,GEHA,332,495658.03
2025-11,GEHA,187,490800.99
2026-07,AETNA_CHK,5,1281.81
2025-03,KAISER_WA,4,
2024-09,KAISERNTAP,18,
2025-04,AHP_RX,11,21513.99
2025-08,OSCAR,499,1169230.73
2025-12,THP_MEDPRF,8,397.69
2025-02,HNENGLAND,2,1037.62
2024-12,KaiserHI,2,
2025-06,AHRP_RX,16,17302.99
2025-05,CEN,1362,1610185.18
2024-07,KaiserAmbS,21,
2026-03,HNA_RX,4,25769.4
2025-04,OSCAR,686,966572.01
2026-08,AHRP,214,178209.89
2026-04,CIGNA_FAC,1756,1923734.94
2026-07,KaiserAmM2,1,
2024-09,KAISERCO,2,
2024-09,PREMERA,18,
2025-12,KAISERNTAP,5,
2025-07,BCBSNC,18,
2025-02,THP_MEDPRF,111,79443.43
2024-06,KAISERAMCO,2,
2024-10,(no claim allocation),162,125.28
2024-10,KAISERAMGA,1,
2025-02,CHRISTUS,18,3316.04
2024-09,BCBSSC,26,
2026-06,CAREFIRST,177,1689.28
2026-08,KAISERAMCO,1,
2025-06,KaiserSTap,29,
2025-02,CENFIDELIS,93,6597.95
2026-02,AHRP_RX,13,7489.24
2025-04,THP_MEDPRF,20,556.35
2026-05,CIGNA_PRO,2888,2091273.36
2025-04,THP,1,2935.36
2026-07,CEN,1228,793789.73
2025-01,EMBLEM_FAC,409,201091.55
2026-03,CEN_RX,19,8026.52
2026-07,CENFIDELIS,57,85914.38
2025-11,AHP,2025,581073.64
2026-05,CIGNA_FAC,1821,1061455.73
2025-01,BCBSSC,28,
2026-01,KAISERGA,1,
2025-02,GHI_RX,2,1327.06
2026-05,HNA,130,128777.58
2026-08,HNA_RX,1,
2024-08,KaiserAmbS,23,
2025-01,KaiserSTap,116,205.32
2025-04,CEN,1413,2088361.63
2024-10,MEDICA,251,387189.08
2026-04,PREMERA,11,
2025-03,EMBLEM_FAC,260,305667.49
2025-05,EMBLEM_FAC,316,520059.86
2025-09,BCBSNCF_RX,1,2731.99
2024-12,MEDICA,153,250167.1
2026-05,BCBS_FACET,13,
2026-05,KAISERNW,4,
2026-07,BCBSNC,28,
2024-10,CHRISTUS,37,11632.6
2026-01,HNA,108,387039.7
2024-12,BCBSKS,40,
2025-04,KAISERMTAP,9,
2025-12,MEDICADEAN,9,6633.94
2024-09,CIGNA_PRO,1810,3761766.87
2026-03,BCBSFL,27,
2026-07,CHRISTUS,15,79447.31
2026-07,AEHMO_RX,1,
2024-07,GEHA,350,822818.4
2024-10,GEHA,442,882328.43
2025-06,HNA_RX,1,
2024-06,GEHA,323,989996.95
2024-07,AHRP,441,515002.65
2026-02,AHP,1947,1917659.11
2024-12,AEHMO,6,7036.45
2026-06,KaiserAmN2,6,
2024-06,THP,4,-1407.93
2024-11,KaiserAmbS,9,
2025-11,KAISER_PNC,2,
2026-08,AEHMO,1,
2024-08,BCBSSC,46,
2024-09,BCBSNC,6,
2025-09,AHP,2557,700695.49
2025-08,KAISERNW,3,
2026-08,GEHA,281,560450.3
2025-01,CIGNA_FAC,1324,1372102.65
2024-12,BCBSNC,10,9544.71
2025-05,KaiserAmM2,2,
2025-03,KaiserSTap,55,
2025-09,HNA,155,325672.59
2025-06,CAREFIRST,51,17539.08
2025-08,BCBSNCF_RX,1,
2024-08,AETNA_CHK,5,
2024-10,KAISERAMCO,1,
2024-10,THP,3,
2024-12,MEDICADEAN,6,9180.3
2024-12,GEHA,502,1232488.88
2025-03,OSCAR,663,1778387.35
2025-04,(no claim allocation),1,
2026-07,BCBSSC,3,
2025-12,KAISERNW,3,
2026-04,HIP_RX,3,5996.6
2025-04,KaiserHI,1,
2025-05,THP_MEDPRF,16,17818.8
2026-04,AHP,2484,771866.15
2025-10,CIGNA_POW,22,16428.2
2025-03,KAISERAMNW,1,
2025-08,AETNA_CHK,12,7308.03
2024-06,EMBFAC_RX,1,
2026-01,KaiserAmbS,3,
2025-03,MEDICA,89,899032.75
2024-11,HSS_RX,3,3978.37
2025-03,BCBSSC,37,
2026-04,HNA,98,52943.68
2025-09,KAISER_PNC,2,
2024-10,KAISERMTAP,11,
2025-08,PREMERA,10,
2025-03,GHI,1,1891.97
2025-07,KAISERAMNW,2,
2025-07,GHI,2,
2026-07,OSCAR,590,3045372.65
2025-10,AHRP_RX,31,19838.0
2026-01,KAISER_PNC,4,7654.89
2025-05,BCBSVT,5,
2024-06,HAP_RX,4,25186.95
2026-06,CEN_RX,20,8634.45
2026-04,KAISER_PNC,1,
2025-09,KaiserAmN2,6,
2024-10,THP_MEDPRF,17,34673.09
2025-08,KaiserAmN2,2,
2025-05,KaiserAmbS,4,
2025-01,KAISERNTAP,38,
2024-12,HNENGLAND,2,1341.66
2024-10,BCBSKS,7,
2025-01,AHRP_RX,18,96160.41
2026-08,CENFIDELIS,41,107927.57
2025-07,MEDICA,57,295311.59
2024-08,HNA,179,591756.71
2026-05,BCBSNC,7,
2024-06,AEHMO_RX,1,
2026-09,AHRP,62,88979.54
2026-09,HNA,38,300546.38
2024-08,KAISERNW,5,1550.0
2026-08,THP,1,11167.0
2026-04,CEN_RX,53,6573.8
2026-08,HSS_RX,3,4448.84
2025-08,HNA,139,373537.03
2024-08,MEDOH,35,263.75
2024-12,AEHMO_RX,2,8787.87
2024-12,OSCAR,534,1309696.86
2025-01,MEDICA,164,123211.71
2025-07,AHP,2556,799132.26
2024-10,MEDICADEAN,11,1865.97
2026-02,AETNA_CHK,17,6419.24
2026-01,CEN_RX,21,6727.67
2024-06,GHI_RX,3,3345.18
2024-08,BCBSNC,5,
2024-09,MEDICA,255,647963.22
2025-01,KaiserAmbS,16,
2024-11,MEDICA,120,142882.94
2026-06,KaiserAmM2,2,
2026-01,HSS_RX,2,2462.1
2024-11,EMBLEM_FAC,385,568071.49
2025-02,AEHMO,1,
2026-02,CIGNA_POW,15,97799.56
2026-05,AHRP_RX,47,15884.53
2025-04,MEDICADEAN,12,9389.6
2026-01,BCBSNC,72,-68552.4
2026-05,PREMERA,17,
2025-11,HIP_RX,3,16900.24
2026-04,WELLCARE,2,140.72
2024-10,AEHMO,8,12217.19
2025-06,CEN_RX,7,159417.55
2024-07,AHRP_RX,32,43299.38
2025-11,KAISER_PSC,1,
2026-03,CENFIDELIS,57,6621.56
2026-04,KAISERGA,1,
2025-03,MEDOH,16,254950.86
2026-07,KAISERCO,1,
2025-10,CIGNA_FAC,1750,1962413.51
2024-11,BCBSFL,2,
2024-11,AHP,2119,781804.74
2026-08,KAISERMTAP,1,
2026-08,BCBSFL,20,
2026-06,KAISER_PNC,5,
2025-10,WELLCARE,1,356.09
2026-05,KAISERGA,4,
2025-11,HARVARDP,14,
2024-12,THP_MEDPRF,14,23621.87
2024-07,BCBSFL,17,0.0
2025-06,CENFIDELIS,61,15633.02
2026-06,AETNA_CHK,3,
2026-08,HNENGLAND,3,350.17
2024-06,BCBSKS,45,
2026-06,CIGNA_POW,36,30492.33
2026-06,BCBSNC,5,
2025-02,AHRP,319,442231.02
2025-09,AHRP_RX,24,16475.99
2025-05,BCBSNC_RX,2,4523.62
2026-06,KAISERNW,3,
2024-07,CAREFIRST,85,49151.76
2024-06,KAISERMTAP,1,
2024-11,KAISERNTAP,35,
2025-03,CIGNA_POW,49,63358.56
2025-12,BCBSFL,4,
2025-03,HIP_RX,6,28139.03
2025-01,CIGNA_POW,50,27838.37
2025-03,BCBSNC,8,
2025-06,MEDOH,7,
2024-06,THP_MEDPRF,21,19841.23
2024-06,(no claim allocation),4,
2026-06,HARVARDP,37,
2026-04,BCBSVT,4,
2025-02,(no claim allocation),3,
2025-11,KaiserSTap,18,7681.07
2026-03,KAISERAMHI,1,
2025-10,BCBSNC,14,
2025-07,CIGNA_PRO,2997,3455603.47
2025-10,KAISERNW,1,
2026-09,AHP_RX,10,16257.4
2025-06,AHP_RX,26,-2295.66
2026-06,HNA,111,186838.03
2025-12,AHRP_RX,38,11767.18
2026-06,MEDOH,11,4682.57
2026-05,KAISER_PNC,4,
2024-10,AHRP_RX,24,36027.33
2025-11,HAP_RX,2,1058.47
2026-04,CAREFIRST,90,
2025-07,PREMERA,6,
2026-02,CAREFIRST,94,0.0
2025-10,BCBSVT,1,
2025-01,BCBSNC,5,3129.82
2026-06,AHRP_RX,35,68358.18
2025-07,CIGNA_FAC,1890,1820980.74
2024-06,KAISERCO,2,
2026-09,MEDICADEAN,9,1792.4
2025-06,OSC_RX,6,7674.87
2026-03,KAISERGA,2,
2024-06,AHRP,340,284895.71
2025-10,AETNA_CHK,7,248.77
2025-08,AHP,2596,605134.59
2026-09,BCBSFL,21,
2026-07,(no claim allocation),27,4528.84
2026-04,THP_PUBLIC,1,
2024-06,CIGNA_FAC,1248,2059288.67
2026-06,BCBS_DC,1,
2024-07,HNA,153,505066.26
2025-01,BCBSNCF_RX,2,
2026-04,KaiserSTap,6,
2026-02,BSCA_FAC,33,-106600.09
2025-07,AHRP_RX,18,8806.33
2024-11,OSCAR,436,828177.84
2025-09,KaiserSTap,14,
2026-03,KAISERMTAP,8,
2026-03,(no claim allocation),43,-13641.54
2025-11,HNA,71,661702.66
2024-10,CTCARE,1,
2025-02,HSS_RX,2,2468.5
2026-05,CEN_RX,54,48930.51
2026-09,KaiserSTap,17,
2024-09,KaiserAmN2,11,
2025-10,BCBSNCF_RX,1,
2025-08,BCBSNC,13,
2026-05,WELLCARE,5,2118.09
2025-12,CIGNA_PRO,2423,3251561.92
2024-06,CTCARE,1,52521.09
2026-03,GEHA,385,462286.8
2025-09,WELLCARE,1,3148.81
2025-03,AHRP_RX,14,-2462.95
2024-11,KAISERAMCO,2,
2026-02,CIGNA_PRO,2671,2297409.46
2026-05,HIP_RX,2,6016.96
2026-05,AHP,2422,586234.61
2026-04,KaiserAmN2,2,
2026-03,WELLCARE,10,3192.38
2025-02,CTCARE,1,51.04
2025-08,CEN_RX,5,4383.06
2024-07,CEN_RX,2,
2025-07,BCBSVT,3,
2024-07,KaiserSTap,43,
2025-08,CIGNA_POW,37,103866.38
2026-07,MEDICADEAN,3,585.85
2026-08,THP_MEDPRF,2,277.4
2026-01,MEDOH,14,2372.0
2024-12,EMBLEM_FAC,275,510933.62
2026-01,CENFIDELIS,89,3010.06
2025-06,HIP_RX,2,29678.4
2024-08,EMBFAC_RX,1,1422.65
2024-10,KAISERNTAP,35,
2025-02,MEDICADEAN,6,14105.44
2025-07,CIGNA_POW,69,65742.17
2025-10,MEDOH,21,3371.28
2025-01,MEDOH,27,
2026-06,AHP,1942,1651397.73
2025-07,BCBSSC,10,
2024-12,AHRP,338,332322.34
2025-09,HNENGLAND,4,6399.54
2026-03,HNA,131,238997.45
2024-08,KAISERGA,1,
2025-07,AETNA_CHK,19,11316.26
2026-07,GEHA,285,508012.26
2025-08,AHRP,272,394178.8
2025-05,OSCAR,637,1498153.22
2025-01,AETNA_CHK,4,5003.03
2025-09,CAREFIRST,99,24456.02
2026-03,KaiserAmN2,2,
2024-08,CIGNA_PRO,1997,3237557.33
2024-12,KAISERNTAP,28,
2025-07,MEDOH,3,6867.76
2026-07,KAISERNTAP,1,
2026-09,CEN,554,266601.94
2025-01,HSS_RX,5,12895.13
2026-02,KaiserAmN2,5,
2024-09,KaiserAmbS,10,
2024-08,AHP,3123,685557.25
2026-01,HARVARDP,17,
2026-08,BCBSKS,11,
2024-07,MEDICA,243,868374.01
2025-11,KaiserAmN2,5,
2025-06,HNA,159,747179.8
2025-02,EMBLEM_FAC,278,458207.38
2025-03,CAREFIRST,134,2710.37
2025-03,AHP,2641,1715884.68
2025-12,KaiserAmbS,4,
2025-10,CEN_RX,24,96917.27
2026-05,CEN,1210,1537466.14
2026-06,KAISERAMHI,1,
2025-09,ASH,1,
2025-07,CAREFIRST,82,36199.42
2025-10,CIGNA_PRO,2832,3686774.36
2025-12,HARVARDP,32,
2025-05,CIGNA_PRO,2971,2965909.95
2025-06,AHP,2293,1136745.12
2026-03,HARVARDP,39,
2024-11,GHI,3,333.0
2025-11,KAISERMTAP,4,
2025-03,CIGNA_PRO,3119,4010148.46
2024-10,CIGNA_POW,36,90133.14
2025-08,WELLCARE,6,
2026-01,CAREFIRST,166,0.0
2025-04,EMBLEM_FAC,454,607226.6
2025-06,KaiserAmN2,5,
2025-08,BCBSVT,7,
2025-08,CIGNA_PRO,2616,2975472.31
2025-02,BCBSKS,4,
2025-02,KAISERNTAP,24,
2026-06,BCBS_NASCO,1,
2025-08,CIGNA_FAC,1529,1397746.84
2026-09,KAISER_PSC,3,
2025-07,CENFIDELIS,71,9222.79
2024-08,HSS_RX,3,2539.09
2026-02,CEN_RX,8,4374.19
2026-02,MEDOH,7,16145.83
2026-06,CIGNA_PRO,2786,2024933.14
2025-03,KaiserAmN2,8,
2026-02,MEDICA,59,277714.81
2026-02,BCBSSC,31,
2025-10,AHP,2235,1311217.39
2025-12,HNA,124,635521.99
2025-11,AHP_RX,23,94799.59
2026-05,CIGNA_POW,34,29536.49
2025-03,PREMERA,11,
2025-05,MEDICA,88,137985.05
2026-01,CIGNA_PRO,2357,2878948.87
2024-12,PREMERA,49,
2024-06,KaiserSTap,69,
2025-06,BCBSVT,9,
2024-09,CIGNA_POW,24,130524.22
2026-07,EMBLEM_FAC,252,495458.14
2025-10,CEN,1452,1211238.37
2024-11,KaiserAmN2,11,
2024-07,HAP_RX,4,10553.4
2024-09,BCBSNCF_RX,1,1302.0
2026-02,CIGNA_FAC,1573,1548220.89
2025-09,CHRISTUS,13,22431.74
2026-03,CAREFIRST,66,420.22
2026-08,OSC_RX,10,53641.22
2025-01,KaiserAmN2,16,
2025-12,PREMERA,15,
2025-09,MEDICA,133,1994029.01
2024-07,OSC_RX,2,1166.38
2025-08,CAREFIRST,21,420.0
2025-12,CEN,1130,1255135.18
2024-07,THP_MEDPRF,15,22981.6
2024-09,GEHA,397,948560.72
2026-04,AHP_RX,32,101587.59
2026-06,CIGNA_FAC,1654,1740382.64
2025-03,AETNA_CHK,9,13197.77
2024-06,KAISERNTAP,39,
2026-06,KAISERGA,1,
2026-05,MEDOH,37,21534.2
2025-04,CIGNA_PRO,3348,3352317.01
2024-11,CAREFIRST,76,3098.95
2026-03,KAISER_PSC,6,67099.6
2024-07,KaiserAmN2,13,
2026-06,AHP_RX,26,11943.28
2026-06,MMOH_RX,4,
2026-03,HSS_RX,6,12637.86
2026-09,BCBS_DC,12,
2025-11,CHRISTUS,13,19493.54
2025-11,MEDICA,78,472557.35
2024-09,KAISERGA,2,
2025-08,CEN,1089,1332222.2
2025-06,BCBSKS,6,
2026-06,BCBSFL,2,
2026-04,MEDICA,92,223832.54
2024-11,KAISERNW,1,
2024-12,AHRP_RX,21,14265.59
2025-02,KaiserSTap,44,
2024-12,CIGNA_POW,56,56135.58
2024-08,OSC_RX,3,75758.01
2026-05,CAREFIRST,423,19060.07
2026-04,HARVARDP,30,
2026-01,AHP,1984,844694.85
2025-06,GHI_RX,1,
2026-02,CEN,888,1099495.45
2025-11,BSCA_FAC,23,-63619.34
2025-01,GHI,4,1999.0
2026-03,MEDOH,15,68243.88
2026-08,KaiserSTap,16,
2025-01,GEHA,383,669919.93
2024-07,KAISERMTAP,13,
2025-06,BCBSNC,19,-221791.97
2025-03,CIGNA_FAC,1649,1944015.76
2024-07,KAISERAMGA,1,
2026-01,THP_PUBLIC,8,-47003.27
2026-04,HSS_RX,3,3376.42
2026-08,KAISERCO,1,
2026-07,KAISER_PSC,8,
2024-06,BCBSNC_RX,1,
2025-02,OSCAR,486,1613713.96
2026-01,WELLCARE,8,4215.97
2024-07,EMBFAC_RX,1,7419.65
2026-08,EMBLEM_FAC,164,475472.36
2025-04,KaiserAmbS,16,
2026-06,HAP_RX,9,25254.79
2025-04,PREMERA,1,
2025-09,OSC_RX,5,5492.07
2024-09,MEDOH,51,128364.44
2026-01,CEN,948,689138.1
2026-03,HNENGLAND,5,7961.59
2024-09,AHRP_RX,23,156368.95
2026-08,KaiserAmbS,4,3274.02
2024-08,AHRP,394,743993.34
2026-08,CIGNA_FAC,1764,1936192.49
2025-04,KAISERNTAP,27,
2025-07,CEN_RX,15,40491.09
2026-09,(no claim allocation),87,13526.64
2024-07,BCBSNC,7,
2026-07,BCBSFL,19,
2024-07,GHI_RX,2,6336.99
2024-11,AHRP,451,272788.12
2025-04,KAISERNW,2,
2025-11,CEN_RX,24,187678.56
2024-07,HIP_RX,3,7022.87
2026-05,CHRISTUS,7,4650.04
2024-08,CENFIDELIS,80,9649.03
2025-06,JOHNSHOP,4,
2024-07,AEHMO,21,28170.07
2025-09,CEN,1183,4558564.09
2024-11,MEDOH,6,
2025-01,PREMERA,30,
2025-12,EMBLEM_FAC,200,72932.8
2025-02,PREMERA,17,
2025-04,GHI,10,0.0
2025-05,CIGNA_FAC,1746,1776961.55
2025-01,AHRP,349,144684.86
2025-12,CHRISTUS,16,55106.76
2025-09,BCBSSC,77,6172.28
2024-09,GHI_RX,5,7213.58
2025-09,GHI_RX,1,
2024-06,KaiserAmbS,18,
2024-07,ASH,1,
2025-01,KAISERGA,1,
2026-01,AHP_RX,17,12837.51
2026-05,HAP_RX,2,9493.5
2026-04,GHI_RX,2,3831.56
2024-09,HNA,104,410968.92
2025-01,AHP,2318,43400.12
2024-10,BCBSFL,18,
2025-06,THP,1,
2024-12,CEN_RX,2,45104.44
2025-04,AHRP,297,220482.02
2025-08,CHRISTUS,12,5730.77
2025-03,HNA,178,209880.18
2025-12,AHP,2473,-306130.61
2026-02,CENFIDELIS,66,3424.46
2024-11,CEN_RX,1,
2026-09,OSCAR,204,247453.39
2026-01,BCBSSC,28,
2025-06,KAISERMTAP,3,
2026-04,THP,2,
2025-09,THP,1,
2024-08,HNA_RX,1,
2025-03,BCBSFL,32,10460.77
2024-08,HAP_RX,1,
2024-08,GEHA,350,1034374.55
2026-08,KAISERNTAP,4,
2024-07,HSS_RX,2,2564.93
2024-07,CEN,1084,1652727.22
2025-10,AHRP,295,599600.5
2025-03,CEN_RX,5,4806.4
2025-07,HNA_RX,1,15819.47
2026-08,AHRP_RX,57,40399.64
2026-02,PREMERA,6,
2025-10,KAISER_PNC,4,
2026-03,OSC_RX,8,18141.78
2025-03,THP_PUBLIC,2,
2026-05,HSS_RX,2,
2024-09,CENFIDELIS,94,49515.43
2024-11,HIP_RX,8,31357.55
2025-04,AHRP_RX,10,3598.27
2024-07,OSCAR,584,1190820.13
2025-12,GHI_RX,1,85222.11
2026-06,GEHA,266,599886.51
2025-12,KAISERGA,1,703.63
2026-05,GHI_RX,2,3831.56
2024-08,THP_MEDPRF,19,7024.36
2026-09,OSC_RX,3,2472.0
2026-09,EMBLEM_FAC,82,36241.68
2026-03,KAISERNTAP,7,
2024-11,KaiserSTap,97,
2025-07,BCBSFL,26,
2025-04,KaiserSTap,63,
2024-08,AHP_RX,26,43805.5
2024-10,KaiserSTap,87,
2025-05,AHRP,306,342986.12
2026-07,MEDOH,11,587.79
2025-05,KAISERAMHI,1,
2026-08,HNA,103,163617.4
2026-09,BCBS_FACET,34,
2025-12,AHRP,358,245547.26
2025-05,BCBSFL,44,
2024-06,BCBSNC,17,310.74
2025-03,GEHA,346,801552.65
2024-08,OSCAR,395,1087414.01
2024-09,CAREFIRST,135,100957.27
2024-09,HNA_RX,3,
2024-11,GEHA,568,2657294.41
2026-05,KAISERAMNW,1,
2024-08,GHI,2,
2026-08,KAISER_PSC,4,
2025-04,CIGNA_FAC,2085,1633303.27
2024-07,CENFIDELIS,49,10385.5
2024-10,CEN_RX,1,
2026-06,HNENGLAND,1,3284.14
2026-01,OSC_RX,6,19882.77
2024-08,AEHMO,17,5507.31
2024-06,MEDOH,31,
2025-07,GEHA,257,425479.97
2025-07,HIP_RX,2,
2025-10,PREMERA,14,-5548.95
2026-06,AHRP,158,183601.79
2026-04,AEHMO_RX,2,
2026-03,KaiserSTap,28,
2024-12,KAISERCO,2,
2025-10,(no claim allocation),6,
2026-06,HNA_RX,3,7012.5
2025-12,KaiserAmN2,2,
2026-05,AHP_RX,28,60323.35
2025-11,AEHMO_RX,2,
2025-05,CENFIDELIS,83,33670.26
2024-11,GHI_RX,3,19127.47
2024-12,KaiserSTap,85,
2024-11,HNA,115,150857.14
2025-09,CENFIDELIS,186,27018.99
2025-03,CTCARE,1,
2024-06,KAISERAMNW,2,
2024-10,PREMERA,12,
2024-08,CEN,1090,1589146.92
2024-10,EMBLEM_FAC,338,1391426.81
2025-09,KAISERMTAP,9,
2026-02,(no claim allocation),3,
2026-07,KaiserSTap,12,
2025-07,AEHMO,3,
2026-09,KAISERMTAP,1,
2024-09,AETNA_CHK,9,10230.15
2024-07,KaiserAmM2,1,
2026-03,THP,2,
2025-04,GEHA,308,530010.19
2024-09,HSS_RX,1,
2026-03,BCBSNC,7,
2026-07,AHRP,185,283229.49
2025-06,AEHMO,7,1034.86
2026-05,BSCA_FAC,74,-791286.21
2025-06,HNENGLAND,16,1770.35
2026-03,KAISERAMGA,1,
2025-01,CAREFIRST,82,1409.11
2026-02,GEHA,325,626567.92
2025-09,KaiserHI,2,
2026-04,OSC_RX,7,126177.38
2025-05,CAREFIRST,95,37188.09
2025-05,AHRP_RX,23,43052.34
2025-07,MEDICADEAN,3,11542.3
2025-10,BSCA_FAC,84,-268586.48
2024-07,BCBSSC,15,
2024-09,EDW_C_NAS,5,
2026-04,CHRISTUS,10,396793.86
2026-05,HNA_RX,4,5950.6
2024-09,CEN_RX,4,3587.79
2025-12,CAREFIRST,79,
2024-09,HIP_RX,1,2524.43
2025-04,BCBSFL,15,
2026-07,CEN_RX,16,2427.93
2026-07,KAISERNW,1,
2025-02,KAISERNW,2,
2024-12,BCBSNC_RX,2,3856.06
2026-02,WELLCARE,4,62993.58
2025-12,CIGNA_POW,34,47291.41
2024-06,HIP_RX,5,22312.32
2025-12,CIGNA_FAC,1729,1760916.66
2026-05,THP,1,
2025-04,CAREFIRST,62,18373.62
2024-10,CAREFIRST,91,
2024-07,KAISERCO,4,
2026-05,MEDICA,57,153267.75
2026-07,KaiserAmbS,3,
2025-10,CENFIDELIS,47,2754.78
2026-04,KAISERAMCO,1,
2025-09,OSCAR,480,2347627.79
2026-08,HARVARDP,25,
2026-09,KAISERNW,2,
2025-04,CIGNA_POW,70,85970.35
2024-06,HNA,115,195035.55
2024-08,THP,7,91.18
2025-02,KaiserAmbS,12,
2025-08,CENFIDELIS,52,7781.15
2024-06,AHRP_RX,13,8348.83
2025-11,HNENGLAND,5,7466.12
2026-07,CIGNA_PRO,2974,1197704.81
2024-10,KAISERCO,1,
2025-12,OSCAR,568,2004837.59
2026-06,CENFIDELIS,62,18503.22
2024-12,CIGNA_FAC,1374,2335134.27
2025-09,BCBSNC,4,
2025-01,HIP_RX,26,85112.96
2025-11,OSC_RX,7,52054.55
2025-02,CEN_RX,1,1190.7
2026-04,BCBSNC,3,
2024-10,KaiserAmbS,24,
2024-08,GHI_RX,1,55440.0
2025-03,CENFIDELIS,94,62430.76
2025-06,KAISERNTAP,8,7093.37
2025-05,AHP,2296,1510777.95
2024-10,CIGNA_FAC,1473,1974126.97
2025-09,AHP_RX,16,28105.78
2026-08,OSCAR,410,834801.56
2025-11,BCBSNC,5,73.23
2024-12,BCBSVT,6,
2025-12,KAISERAMHI,1,
2026-06,PREMERA,27,
2024-09,EDW_WGS,12,
2025-08,AHP_RX,11,6166.41
2026-02,HAP_RX,2,9253.0
2026-05,AEHMO,2,66.74
2025-04,CEN_RX,3,9055.53
2025-07,KaiserAmN2,5,
2026-04,BCBSSC,17,
2026-07,BCBSNCF_RX,5,2388.72
2026-02,HNA_RX,2,
2024-08,CTCARE,1,
2026-09,AHP,765,459011.04
2024-07,AEHMO_RX,8,3089.26
2026-03,MEDICA,88,286151.06
2024-10,BCBSNC_RX,1,
2026-09,KAISERNTAP,1,
2024-12,KaiserAmbS,20,
2024-09,AHP,2428,1000687.16
2025-04,MMOH_RX,2,
2025-01,THP,6,
2025-04,AHP,2378,697463.9
2024-09,KaiserAmM2,3,
2025-02,CAREFIRST,127,18886.53
2026-09,CEN_RX,7,9575.65
2026-06,BSCA_FAC,20,-20532.82
2024-12,KaiserAmN2,8,
2025-12,AHP_RX,41,45911.57
2025-10,HSS_RX,3,11077.7
2024-09,(no claim allocation),2,
2025-03,HSS_RX,1,1184.89
2026-01,MEDICA,92,411827.44
2025-11,CENFIDELIS,52,8420.27
2025-02,MEDOH,16,4492.85
2025-09,KAISERCO,5,
2024-06,CIGNA_POW,48,91572.49
2026-06,CEN,1107,665767.05
2026-07,CIGNA_FAC,1913,1885899.9
2025-11,AEHMO,1,
2025-10,CHRISTUS,20,37894.69
2026-04,CEN,1021,733593.83
2025-10,MEDICA,64,287921.4
2024-10,HIP_RX,8,77639.78
2026-03,THP_MEDPRF,19,18088.04
2025-04,HNA_RX,1,3542.4
2025-02,KaiserAmN2,10,
2026-01,THP_MEDPRF,18,4489.89
2025-07,HSS_RX,3,28146.98
2026-01,BCBSKS,3,
2024-06,GHI,6,11314.13
2025-07,CEN,1157,1805147.6
2026-02,THP_PUBLIC,6,-3117.26
2024-08,CHRISTUS,18,53134.64
2024-10,KaiserAmN2,15,
2025-06,AEHMO_RX,1,3399.0
2024-12,AHP,2088,1530817.7
2024-11,CHRISTUS,20,35781.15
2026-04,CENFIDELIS,46,204263.36
2026-02,CHRISTUS,14,8307.8
2024-10,AETNA_CHK,5,15011.41
2026-01,CHRISTUS,12,2658.23
2024-07,AETNA_CHK,4,2079.67
2025-06,OSCAR,483,890620.36
2024-06,AETNA_CHK,6,223.01
2024-07,CHRISTUS,15,2144.55
2025-08,GEHA,246,345307.71
2024-06,KAISERNW,1,2683.68
2025-05,CEN_RX,6,12812.7
2024-09,AHP_RX,15,16506.4
2024-11,CIGNA_PRO,1976,2705878.94
2025-09,HNA_RX,3,9969.78
2025-07,(no claim allocation),2,
2024-12,GHI,4,
2025-06,MEDICA,47,212612.65
2025-03,KAISERMTAP,26,
2025-05,KaiserSTap,40,5493.54
2025-11,BCBSSC,20,1580.6
2025-08,MEDICADEAN,7,569.69
2026-09,BCBSNC,4,
2025-10,KAISERMTAP,2,
2025-07,GHI_RX,1,10278.17
2026-09,KaiserAmbS,1,
2024-11,AHRP_RX,31,51191.73
2026-06,BCBSKS,5,0.0
2026-07,AHRP_RX,16,2165.27
2024-07,(no claim allocation),6,
2025-12,CEN_RX,13,18114.02
2026-06,(no claim allocation),12,79.88
2024-11,KaiserAmM2,1,
2024-08,KAISERMTAP,10,
2025-01,KAISERAMHI,5,2676.52
2025-04,MEDOH,19,157126.87
2025-06,MEDICADEAN,8,-7182.03
2026-05,MMOH_RX,3,
2026-07,PREMERA,7,
2025-03,HNENGLAND,5,20022.5
2026-08,BCBS_FACET,2,
2025-05,PREMERA,17,-5814.76
2026-08,WELLCARE,3,610.17
2026-06,KAISERMTAP,2,
2024-09,HAP_RX,1,21215.65
2026-02,KAISERGA,6,
2024-11,PREMERA,32,0.0
2025-02,BCBSNC,8,
2025-01,GHI_RX,15,32048.26
2026-05,(no claim allocation),10,-81.58
2024-06,BCBSFL,48,26753.18
2026-04,HNENGLAND,10,3864.36
2026-07,WELLCARE,7,681.8
2025-09,AETNA_CHK,11,11758.16
2025-05,KAISER_PSC,1,
2025-03,BCBSKS,23,
2026-09,AHRP_RX,8,
2024-08,(no claim allocation),41,
2026-06,AEHMO,1,
2026-09,HARVARDP,14,
2024-07,BCBSKS,8,
2026-02,THP,5,740.0
2026-07,KAISER_PNC,5,
2025-05,HIP_RX,9,18324.65
2026-07,KaiserAmN2,4,
2026-04,MEDICADEAN,3,23201.2
2025-10,BCBSFL,17,
2025-10,HNENGLAND,6,727.03
2026-08,BCBSSC,14,
2026-08,AETNA_CHK,8,15525.75
2026-02,AHP_RX,24,134154.35
2024-12,HIP_RX,8,38872.67
2025-02,GHI,2,
2025-08,THP_MEDPRF,9,4356.69
2024-11,CIGNA_FAC,1138,1505772.98
2025-05,MEDOH,18,5896.15
2026-01,BSCA_FAC,70,-157269.59
2026-04,AETNA_CHK,5,
2025-12,GHI,1,229.88
2025-03,THP_MEDPRF,23,36658.79
2026-09,CIGNA_PRO,1161,912946.19
2025-07,HNA,127,220675.31
2025-12,MEDOH,15,5851.45
2026-05,THP_MEDPRF,3,2536.7
2026-08,AHP,1905,864805.29
2026-03,BCBSKS,9,
2026-06,GHI_RX,2,1064.4
2025-11,KAISERNTAP,3,
2025-12,CENFIDELIS,43,4473.1
2026-03,AHP_RX,23,2386.06
2026-06,OSC_RX,3,2086.42
2026-06,MEDICA,52,83109.75
2026-06,THP_MEDPRF,2,498.99
2024-07,THP,7,5701.71
2025-10,GEHA,304,335811.08
2025-11,AETNA_CHK,6,717.6
2025-01,AEHMO,3,
2026-08,KAISER_PNC,4,
2026-04,HNA_RX,1,
2025-08,(no claim allocation),9,-46663.86
2024-07,EMBLEM_FAC,250,340697.76
2024-08,MEDICA,151,787712.97
2026-04,KAISERMTAP,4,
2026-08,PREMERA,8,0.0
2026-07,KAISERGA,1,
2024-09,AHRP,327,596217.01
2026-03,MEDICADEAN,3,
2026-05,CENFIDELIS,59,38423.22
2026-08,CIGNA_POW,62,129402.28
2026-02,KAISERMTAP,6,
2025-01,CHRISTUS,9,537.66
2026-01,HNENGLAND,6,5944.55
2026-04,KAISERNTAP,5,
2026-08,MEDOH,18,96747.68
2026-07,AHP,2161,1726875.02
2025-07,OSC_RX,11,14850.44
2024-11,BCBSKS,6,
2025-08,MEDICA,75,397186.48
2026-01,KAISERNTAP,5,
2024-06,AHP,2417,483652.7
2026-01,GEHA,305,323202.9
2024-07,AHP_RX,28,215079.4
2026-07,CAREFIRST,58,3641.62
2025-12,WELLCARE,9,19168.37
2024-12,HNA,104,146950.44
2024-10,HNA,218,391396.53
2026-01,KAISERMTAP,15,238.46
2024-12,AETNA_CHK,14,16444.89
2025-10,AEHMO,3,
2026-08,BCBSNC,14,
2025-07,AHP_RX,11,26769.88
2025-02,AHRP_RX,25,12540.32
2025-03,AHP_RX,28,258982.51
2024-10,GHI,11,1749.32
2026-02,MEDICADEAN,2,1164.8
2026-06,CHRISTUS,8,6751.58
2025-12,KaiserSTap,32,
2025-03,AHRP,384,794158.33
2024-09,CEN,1043,1867678.05
2026-02,AEHMO_RX,1,
2026-03,OSCAR,736,1743079.23
2026-06,HSS_RX,2,1138.0
2026-02,AHRP,203,154789.15
2026-04,OSCAR,634,1891156.23
2025-06,EMBLEM_FAC,285,225117.75
2026-08,KAISERNW,1,
2025-11,CEN,1146,761494.81
2025-09,EMBLEM_FAC,257,197494.31
2025-05,HNA,152,140243.79
2026-02,OSC_RX,2,7377.97
2026-05,AEHMO_RX,1,
2024-12,CIGNA_PRO,2056,2853290.36
2026-09,BCBS_NASCO,1,
2025-01,CENFIDELIS,99,18085.37
2025-01,CEN,1107,1326269.12
2024-11,EMBFAC_RX,7,145058.09
2026-08,CEN_RX,29,8588.82
2026-02,HNENGLAND,1,
2025-02,AETNA_CHK,5,316.87
2026-08,CIGNA_PRO,2977,1816988.03
2026-03,EMBLEM_FAC,342,446034.26
2025-07,CHRISTUS,9,2162.87
2026-01,MEDICADEAN,3,5904.64
2025-12,GEHA,340,479895.26
2024-10,CIGNA_PRO,2229,3050224.8
2024-10,AHP,2527,828090.63
2025-03,KaiserAmM2,1,
2025-08,KAISERMTAP,3,
2024-06,CAREFIRST,101,497021.08
2024-12,BCBSFL,1,332.0
2025-07,THP,3,9160.21
2025-05,GEHA,236,504143.37
2025-01,(no claim allocation),4,
2025-10,THP_MEDPRF,6,732.13
2026-09,CIGNA_FAC,692,460804.13
2024-10,KAISERGA,2,
2024-09,THP,4,789.21
2026-09,MEDOH,4,828.46
2025-03,HNA_RX,2,11315.02
2026-01,OSCAR,486,916202.54
2025-02,HNA,130,244167.32
2025-06,BCBSSC,4,57.0
2025-06,KAISERCO,2,
2025-04,KaiserAmN2,3,
2026-01,BCBSFL,30,
2026-09,KAISERAMNW,1,
2026-01,AEHMO,1,
2025-03,GHI_RX,4,5157.28
2026-05,GEHA,335,451507.18
2026-03,BCBSSC,10,
2024-09,CHRISTUS,17,6161.18
2026-05,KAISERMTAP,6,
2024-11,CEN,1251,1400550.41
2025-05,CIGNA_POW,52,31605.03
2026-09,BCBSSC,22,
2025-12,KAISER_PSC,12,205.88
2026-03,KAISER_PNC,3,
2024-08,BCBSFL,6,
2024-07,BCBSNC_RX,1,1539.79
2026-04,BCBSKS,8,
2026-07,HNA,150,122683.25
2025-09,MEDICADEAN,5,7869.07
2026-05,BCBSFL,6,
2024-10,BCBSNC,4,
2025-03,CHRISTUS,21,29259.03
2024-06,CIGNA_PRO,1970,3467259.8
2025-03,AEHMO,1,16620.42
2025-01,CTCARE,2,16821.61
2025-02,BCBSSC,29,
2025-05,KAISERGA,1,
2025-06,THP_MEDPRF,12,845.67
2024-06,KaiserAmN2,10,0.0
2025-08,HNENGLAND,5,1066.72
2025-07,HNENGLAND,7,-2795.0
2024-09,CTCARE,1,97.94
2025-07,KaiserAmM2,1,
2024-08,AEHMO_RX,2,624.68
2024-08,KAISERNTAP,35,
2026-09,PREMERA,4,
2026-07,BCBS_NASCO,13,
2025-05,KaiserAmN2,5,
2025-07,THP_MEDPRF,5,1286.41
2025-10,OSC_RX,12,20184.5
2024-11,AHP_RX,14,11564.88
2026-05,AHRP,181,168535.54
2025-03,CEN,1183,4889615.28
2025-01,AHP_RX,14,16505.16
2025-01,KAISERMTAP,18,
2026-02,HSS_RX,5,14202.13
2025-10,MEDICADEAN,1,651.9
2025-08,OSC_RX,2,1249.34
2025-10,AHP_RX,16,55372.85
2026-02,ASH,1,
2025-02,CIGNA_PRO,2478,3041937.6
2024-09,AEHMO,7,1564.14
2026-09,CIGNA_POW,26,3649.83
2025-12,HIP_RX,2,90344.64
2026-05,OSC_RX,3,14359.28
2026-04,(no claim allocation),48,
2024-06,CEN_RX,4,7810.73
2026-05,HNENGLAND,3,198.06
2025-04,HNA,182,124037.64
2024-11,CENFIDELIS,90,52447.11
2025-07,AHRP,371,895771.58
2024-08,BCBSKS,24,
2025-03,MEDICADEAN,6,9560.61
2024-09,KAISERMTAP,8,
2025-03,(no claim allocation),5,
2025-04,HIP_RX,13,38536.12
2025-02,CIGNA_POW,33,74770.93
2025-10,BCBSKS,13,
2026-06,MEDICADEAN,3,-2076.64
2025-02,CIGNA_FAC,1415,1228680.53
2026-04,EMBLEM_FAC,183,239331.5
2026-07,HARVARDP,17,
2025-01,BCBSFL,13,
2024-09,BCBSFL,8,
2026-08,BCBS_DC,1,
2025-03,OSC_RX,1,9773.4
2024-12,CAREFIRST,54,30105.2
2025-11,EMBLEM_FAC,219,218697.33
2026-08,CAREFIRST,27,1723.29
2026-02,THP_MEDPRF,6,2702.98
2026-07,KAISERAMNW,2,
2026-06,ASH,1,
2024-12,KaiserAmM2,1,
2025-09,CIGNA_POW,73,128226.74
2025-05,BCBSNC,22,-52327.51
2026-04,CIGNA_POW,37,46966.1
2025-11,CIGNA_POW,38,11927.77
2025-06,CIGNA_PRO,2921,2982241.29
2024-06,HSS_RX,2,140007.84
2024-11,THP_MEDPRF,11,5332.71
2026-09,MEDICA,18,70061.0
2025-06,KaiserAmbS,7,
2026-01,KaiserAmN2,3,
2026-06,BCBSSC,39,
2026-05,KaiserAmN2,7,
2024-09,CIGNA_FAC,1237,1831116.37
2024-09,GHI,6,2824.95
2024-06,AEHMO,12,15269.92
2025-09,GEHA,291,624407.46
2025-10,BCBSSC,19,
2026-02,BCBSNC,1,
2026-07,THP_MEDPRF,3,46898.72
2025-08,MEDOH,21,172353.26
2024-08,HIP_RX,4,31195.16
2025-12,MEDICA,85,428508.39
2026-08,MEDICADEAN,4,174926.06
2024-07,AHP,2923,909953.15
2026-05,BCBS_NASCO,5,
2025-10,CAREFIRST,185,0.0
2026-06,WELLCARE,4,556.26
2024-08,CAREFIRST,57,5466.85
2025-06,BSCA_FAC,22,
2024-06,PREMERA,17,-18786.29
2026-07,CIGNA_POW,41,82477.48
2026-05,KaiserAmM2,2,
2025-01,BCBSKS,19,
2026-01,KaiserAmM2,2,
2026-03,CHRISTUS,14,37115.74
2024-06,EMBLEM_FAC,182,235561.51
2024-09,BCBSKS,4,
2025-06,CHRISTUS,24,7922.29
2025-06,AETNA_CHK,7,33001.67
2025-01,HNA,142,276222.34
2024-11,CIGNA_POW,28,47346.31
2026-03,CEN,1159,1995087.3
2025-06,CEN,1157,1622869.53
2025-06,(no claim allocation),3,
2026-03,AETNA_CHK,11,-12706.72
2026-07,BCBS_FACET,9,165.19
2026-06,KAISERAMCO,2,
2026-02,BCBSFL,4,
2026-03,KaiserAmbS,8,
2025-01,KAISERAMGA,3,
2026-04,THP_MEDPRF,4,171.7
2025-09,THP_MEDPRF,6,1150.65
2025-11,THP_MEDPRF,5,1199.07
2026-08,KaiserAmN2,2,
2024-12,MEDOH,24,10364.31
2024-10,MEDOH,22,960.84
2026-01,AHRP,160,302630.63
2025-10,THP,1,9169.16
2025-11,OSCAR,423,1750655.93
2026-05,MEDICADEAN,2,2891.8
2025-02,AHP,2101,1251998.64
2025-09,KAISERNTAP,7,
2024-07,KAISERNTAP,23,
2025-01,HNA_RX,2,2356.2
