TABLE_SCHEMA,TABLE_NAME,cols,n_cols
AetnaRxCompliance,ClaimRootRollups,"ClaimRoot, RootQuantity, RootDaysSupply, RootTotalAmountPaid, RootPatientPayAmount",5
AetnaRxCompliance,Claims,"LineKey, TapeID, ClaimKey, PatientKey, SubscriberKey, GroupKey, DateFilled, RxNumber, NDC, Pharmacy_NCPDPID, Pharmacy_NPI, PharmacyKey, Quantity, FillNumber, NewOrRefill, DaysSupply, CompoundCode, DateWritten, DispenseAsWritten, PrescriptionOriginCode, IngredientCostSubmitted, DispensingFeeSubmitted, IncentiveAmountSubmitted, FlatSalesTaxAmountSubmitted, PercentageSalesTaxAmountSubmitted, ProfessionalServiceFeeSubmitted, OtherAmountClaimedSubmittedQualifier1, OtherAmountClaimedSubmitted1, OtherAmountClaimedSubmittedQualifier2, OtherAmountClaimedSubmitted2, OtherAmountClaimedSubmittedQualifier3, OtherAmountClaimedSubmitted3, UsualAndCustomaryCharge, GrossAmountDue, BasisOfCostDetermination, PatientPayAmount, IngredientCostPaid, DispensingFeePaid, FlatSalesTaxAmountPaid, PercentageSalesTaxAmountPaid, IncentiveAmountPaid, ProfessionalServiceFeePaid, OtherPayerAmountRecognized, TotalAmountPaid, BasisOfReimbursementDetermination, AmountAppliedToPeriodicDeductible, AmountAttributedToCoverageGap, AmountAttributedToProcessorFee, AmountAttributedToProductSelection, AmountAttributedToProductSelectionBrandDrug, AmountAttributedToProductSelectionBrandNonPreferredFormularySelection, AmountAttributedToProductSelectionNonPreferredFormularySelection, AmountAttributedToProviderNetworkSelection, AmountAttributedToSalesTax, AmountExceedingPeriodicBenefitMaximum, AmountOfCopay, AmountOfCoinsurance, PrescriberIdQualifier, PrescriberId, PrescriberKey, LICSLevel, LowIncomeSubsidyAmount, COBOrder, PBMClaimNumber, AdjustmentIndicatorID, ClaimRoot, PartDPolicyType, DateAdjudicated, DatePaid, CheckDate, CheckNumber, LegalEntityKey, ClientKey, PriorAuthorizationNumberSubmitted, ProductServiceIDQualifier, ProductServiceID, PartDPlanBenefitPackage, PartDContractNumber, AdjustmentCounter, AdjustmentSequence, OtherCoverageCode, OtherAmountPaid1, OtherAmountPaidQualifier1, OtherAmountPaid2, OtherAmountPaidQualifier2, OtherAmountPaid3, OtherAmountPaidQualifier3, CompoundDosageFormDescriptionCode, CompoundDispensingUnitFormIndicator, DrugCoverageStatusCode, Carrier, Account, PatientResidenceCode, PharmacyClientCode, PBMIndicator, FundingIndicator, FundingIndicatorDescription, RecordSource, DERecordKey, ClaimStatus, cClaimKey, cEligibility, cEligibilityOrder, cEligibilityOrder_LineKeyID, cEligibilityOrder_TapeID, cEligibilityDemo, cEligibilityDemo_LineKeyID, cEligibilityDemo_TapeID, cSubscriber, cSubscriberOrder, cSubscriberOrder_LineKeyID, cSubscriberOrder_TapeID, cSubscriberDemo, cSubscriberDemo_LineKeyID, cSubscriberDemo_TapeID, cUnique, isDuplicate, dLineKeyID, dTapeID, isAdjusted, isReversal, isAdjustment, aLineKeyID, aTapeID",124
AetnaRxCompliance,ClaimsFinal,"EligMemberKey, EmployerName, PRM_PartDContractNumber, RXP_PartDContractNumber, PRM_COBCSerial, matchingCOBCSerial, InvestigationId, OrgPRM_RxIDNumber, PRM_RxIDNumber, RXP_RxIDNumber, OrgPRM_RxBINNumber, PRM_RxBINNumber, RXP_RxBINNumber, OrgPRM_RxPCNNumber, PRM_RxPCNNumber, RXP_RxPCNNumber, OrgPRM_EffectiveDate, PRM_EffectiveDate, RXP_EffectiveDate, OrgPRM_TerminationDate, PRM_TerminationDate, RXP_TerminationDate, InsurerName, AllFieldsMatchOriginalPRM, AllFieldsMatchRXP, InvestigationConclusion",26
AetnaRxCompliance,ClaimsPreFinal,"PatientKey, ClaimRoot, ClaimKey, PBMClaimNumber, DateFilled, TotalAmountPaid, DaysSupply, Quantity, PatientPayAmount, PartDContractNumber, RxNumber, FillNumber, NDC, Pharmacy_NPI, Pharmacy_NCPDPID, HIC, SSN, DateOfBirth, GenderCode, RxIDNumber, RxGroupNumber, RxBINNumber, RxPCNNumber, RxPlanTollFreeNumber, SequenceNumber, COBSourceCode, MSPReason, CoverageCode, InsurerName, InsurerAddress1, InsurerAddress2, InsurerCity, InsurerState, InsurerZip, InsurerTIN, IndividualPolicyNumber, GroupPolicyNumber, EffectiveDate, TerminationDate, RelationshipCode, PayerID, PersonCode, PayerOrder, PolicyHolderFirstName, PolicyHolderLastName, PolicyHolderSSN, EmployeeInformationCode, EmployerName, EmployerAddress1, EmployerAddress2, EmployerCity, EmployerState, EmployerZip, Filler, EmployersTIN, Filler2, AttorneyName, AttorneyAddress1, AttorneyAddress2, AttorneyCity, AttorneyState, AttorneyZip, LeadContractor, ClassActionType, AdministratorName, AdministratorAddress1, AdministratorAddress2, AdministratorCity, AdministratorState, AdministratorZip, WCSAAmount, WCSAIndicator, WCMSASettlementDate, AdministratorsTelephone, TotalRxSettlementAmount, RxIncludedWCMSASettlementAmount, EffectiveDateOtherDrugCvg, EligMemberKey, EligEffectiveDate, EligTerminationDate, COBC_Serial",81
AetnaRxCompliance,Claims_backup,"LineKey, TapeID, ClaimKey, PatientKey, SubscriberKey, GroupKey, DateFilled, RxNumber, NDC, Pharmacy_NCPDPID, Pharmacy_NPI, PharmacyKey, Quantity, FillNumber, NewOrRefill, DaysSupply, CompoundCode, DateWritten, DispenseAsWritten, PrescriptionOriginCode, IngredientCostSubmitted, DispensingFeeSubmitted, IncentiveAmountSubmitted, FlatSalesTaxAmountSubmitted, PercentageSalesTaxAmountSubmitted, ProfessionalServiceFeeSubmitted, OtherAmountClaimedSubmittedQualifier1, OtherAmountClaimedSubmitted1, OtherAmountClaimedSubmittedQualifier2, OtherAmountClaimedSubmitted2, OtherAmountClaimedSubmittedQualifier3, OtherAmountClaimedSubmitted3, UsualAndCustomaryCharge, GrossAmountDue, BasisOfCostDetermination, PatientPayAmount, IngredientCostPaid, DispensingFeePaid, FlatSalesTaxAmountPaid, PercentageSalesTaxAmountPaid, IncentiveAmountPaid, ProfessionalServiceFeePaid, OtherPayerAmountRecognized, TotalAmountPaid, BasisOfReimbursementDetermination, AmountAppliedToPeriodicDeductible, AmountAttributedToCoverageGap, AmountAttributedToProcessorFee, AmountAttributedToProductSelection, AmountAttributedToProductSelectionBrandDrug, AmountAttributedToProductSelectionBrandNonPreferredFormularySelection, AmountAttributedToProductSelectionNonPreferredFormularySelection, AmountAttributedToProviderNetworkSelection, AmountAttributedToSalesTax, AmountExceedingPeriodicBenefitMaximum, AmountOfCopay, AmountOfCoinsurance, PrescriberIdQualifier, PrescriberId, PrescriberKey, LICSLevel, LowIncomeSubsidyAmount, COBOrder, PBMClaimNumber, AdjustmentIndicatorID, ClaimRoot, PartDPolicyType, DateAdjudicated, DatePaid, CheckDate, CheckNumber, LegalEntityKey, ClientKey, PriorAuthorizationNumberSubmitted, ProductServiceIDQualifier, ProductServiceID, PartDPlanBenefitPackage, PartDContractNumber, AdjustmentCounter, AdjustmentSequence, OtherCoverageCode, OtherAmountPaid1, OtherAmountPaidQualifier1, OtherAmountPaid2, OtherAmountPaidQualifier2, OtherAmountPaid3, OtherAmountPaidQualifier3, CompoundDosageFormDescriptionCode, CompoundDispensingUnitFormIndicator, DrugCoverageStatusCode, Carrier, Account, PatientResidenceCode, PharmacyClientCode, PBMIndicator, FundingIndicator, FundingIndicatorDescription, RecordSource, DERecordKey, ClaimStatus, cClaimKey, cEligibility, cEligibilityOrder, cEligibilityOrder_LineKeyID, cEligibilityOrder_TapeID, cEligibilityDemo, cEligibilityDemo_LineKeyID, cEligibilityDemo_TapeID, cSubscriber, cSubscriberOrder, cSubscriberOrder_LineKeyID, cSubscriberOrder_TapeID, cSubscriberDemo, cSubscriberDemo_LineKeyID, cSubscriberDemo_TapeID, cUnique, isDuplicate, dLineKeyID, dTapeID, isAdjusted, isReversal, isAdjustment, aLineKeyID, aTapeID",124
AetnaRxCompliance,DTLs,"COBC_Serial, ContractNumber, HIC, DTLPatientKey, EligMemberKey, EligEffectiveDate, EligTerminationDate, TapeID",8
AetnaRxCompliance,EligTapeLineKeyIds,"LineKeyID, TapeID",2
AetnaRxCompliance,EligibilityData,"TapeId, LineKeyId, MemberKey, EffectiveDate, TerminationDate, MemberHICN, PartDContractNumber",7
AetnaRxCompliance,PRMs,"LineKeyID, TapeID, RecordType, HIC, SSN, DateOfBirth, GenderCode, RxIDNumber, RxGroupNumber, RxBINNumber, RxPCNNumber, RxPlanTollFreeNumber, SequenceNumber, COBSourceCode, MSPReason, CoverageCode, InsurerName, InsurerAddress1, InsurerAddress2, InsurerCity, InsurerState, InsurerZip, InsurerTIN, IndividualPolicyNumber, GroupPolicyNumber, EffectiveDate, TerminationDate, RelationshipCode, PayerID, PersonCode, PayerOrder, PolicyHolderFirstName, PolicyHolderLastName, PolicyHolderSSN, EmployeeInformationCode, EmployerName, EmployerAddress1, EmployerAddress2, EmployerCity, EmployerState, EmployerZip, Filler, EmployersTIN, Filler2, AttorneyName, AttorneyAddress1, AttorneyAddress2, AttorneyCity, AttorneyState, AttorneyZip, LeadContractor, ClassActionType, AdministratorName, AdministratorAddress1, AdministratorAddress2, AdministratorCity, AdministratorState, AdministratorZip, WCSAAmount, WCSAIndicator, WCMSASettlementDate, AdministratorsTelephone, TotalRxSettlementAmount, RxIncludedWCMSASettlementAmount, EffectiveDateOtherDrugCvg, RawSequence, cTapeID, cLineKeyID, cUserTapeID, cUserLineKeyID, cDateOfBirth, cEffectiveDate, cTerminationDate, cWCSAAmount, cWCMSASettlementDate, cRxIncludedWCMSASettlementAmount, cEffectiveDateOtherDrugCvg, mHistory, mLatest, isLatest, cUnique, cUniqueOrder, cCheckSum, PatientKey, EligMemberKey, EligEffectiveDate, EligTerminationDate, ContractNumber, COBC_Serial",89
Audits,CignaHospiceAudit03062026,"Audit_Record_Number, DATE_OF_SERVICE, DATE_EFFECTIVE, DATE_IDR_PROCESSED, CLM_ADJST_TYPE_CD, PDE_CLAIM_CONTROL_NO, PDE_CLAIM_UNIQUE_ID, PDE_CLAIM_TYPE_CODE, PDE_CPP_AMT, PDE_NCPP_AMT, PDE_PATIENT_PAID_AMT, PDE_LICS_AMT, PDE_OTHER_TROOP_AMT, PDE_PLRO_AMT, Total_Paid_Amt, PDE_DISPENSING_FEE, PDE_INGREDIENT_COST, PDE_SALES_TAX, Total_Cost, PDE_GDCB_AMT, PDE_GDCA_AMT, PDE_GAP_DISCOUNT_AMT, PDE_VACCINE_ADMIN_FEE, PDE_REBATE_AT_POS, PDE_Package_Size_UoM, PDE_COMPOUND, PDE_PLAN_CHANGE_REASON, PDE_PRESCRIPTION_ORIGIN, PDE_DRUG_COVERAGE_STATUS, PDE_PRICING_EXCEPTION, PDE_CATASTROPHIC_COVERAGE, PDE_PDE_CNT, DRUG_NDC, NDC_PROD_NAME, MULTI_SOURCE, DEA_CLASS_MDDB, DEA_CLASS_FDB, DRUG_BRAND_GENERIC, DRUG_FORMULARY_ID, DRUG_FORMULARY_CODE, GPI, PDE_DAW, PDE_DAYS_SUPPLY, PDE_QUANTITY_DISPENSED, PDE_FILL_NO, PDE_RX_SERVICE_REF_NO, Drug_Subclass, Drug_Subclass_Name, GPPC, Generic_Name, PROD_DESCRIP_ABBRV, PDE_DISPENSING_STATUS, ORIGINAL_CONTRACT_NUMBER, ORIGINAL_PBP_NUMBER, SC_CONTRACT_NUMBER, SC_PBP_NUMBER, Current_Contract_Number, Current_Contract_Name, Contract_Status, Parent_Organization, PDE_NON_STD_FORMAT_CODE, PDE_CARDHOLDER_ID, PDE_HICN, BENE_SK, Beneficiary_Name, Beneficiary_Address, Beneficiary_City, BENEFICIARY_STATE, BENEFICIARY_ZIP_CODE, BENEFICIARY_BIRTH_DATE, BENEFICIARY_DEATH_DATE, BENEFICIARY_SEX, BENEFICIARY_MBI_ID, Audit_Record_Number_1, PATIENT_RESIDENCE_CODE, PHARMACY_ORIGINAL_ID, PHARMACY_QUALIFIER_CODE, Pharmacy_NPI, Pharmacy_DEA, Pharmacy_NCPDP, Pharmacy_Prim_Taxonomy, Pharmacy_Prim_Taxonomy_Descr, Primary_Dispenser_Type_Code, Primary_Dispenser_Type_Descr, Primary_Dispenser_Cls_Code, Primary_Dispenser_Cls_Descr, NCPDP_Pharmacy_Name, NCPDP_DBA_Name, Pharmacy_Address, Pharmacy_City, Pharmacy_State, Pharmacy_Zip_Code, PRESCRIBER_ORIGINAL_ID, Prescriber_NPI, Prescriber_Prim_Taxonomy, Prescriber_Prim_Taxonomy_Descr, Prescriber_Company_Name, Prescriber_Address, Prescriber_City, Prescriber_State, Prescriber_Zip_Code",101
Audits,CignaHospiceAudit03062026_AllClaims,"AuditTotalPaidAmount, PDE_CLAIM_CONTROL_NO, LineKeyID, TapeID, PatientKey, SubscriberKey, GroupKey, DateFilled, RxNumber, NDC, Pharmacy_NCPDPID, Pharmacy_NPI, PharmacyKey, Quantity, FillNumber, NewOrRefill, DaysSupply, CompoundCode, DateWritten, DispenseAsWritten, PrescriptionOriginCode, IngredientCostSubmitted, DispensingFeeSubmitted, IncentiveAmountSubmitted, FlatSalesTaxAmountSubmitted, PercentageSalesTaxAmountSubmitted, ProfessionalServiceFeeSubmitted, OtherAmountClaimedSubmittedQualifier1, OtherAmountClaimedSubmitted1, OtherAmountClaimedSubmittedQualifier2, OtherAmountClaimedSubmitted2, OtherAmountClaimedSubmittedQualifier3, OtherAmountClaimedSubmitted3, UsualAndCustomaryCharge, GrossAmountDue, BasisOfCostDetermination, PatientPayAmount, IngredientCostPaid, DispensingFeePaid, FlatSalesTaxAmountPaid, PercentageSalesTaxAmountPaid, IncentiveAmountPaid, ProfessionalServiceFeePaid, OtherPayerAmountRecognized, TotalAmountPaid, BasisOfReimbursementDetermination, AmountAppliedToPeriodicDeductible, AmountAttributedToCoverageGap, AmountAttributedToProcessorFee, AmountAttributedToProductSelection, AmountAttributedToProductSelectionBrandDrug, AmountAttributedToProductSelectionBrandNonPreferredFormularySelection, AmountAttributedToProductSelectionNonPreferredFormularySelection, AmountAttributedToProviderNetworkSelection, AmountAttributedToSalesTax, AmountExceedingPeriodicBenefitMaximum, AmountOfCopay, AmountOfCoinsurance, PrescriberIdQualifier, PrescriberId, PrescriberKey, LICSLevel, LowIncomeSubsidyAmount, COBOrder, PBMClaimNumber, AdjustmentIndicatorID, ClaimRoot, PartDPolicyType, DateAdjudicated, DatePaid, CheckDate, CheckNumber, LegalEntityKey, ClientKey, PriorAuthorizationNumberSubmitted, ProductServiceIDQualifier, ProductServiceID, PartDPlanBenefitPackage, PartDContractNumber, AdjustmentCounter, AdjustmentSequence, OtherCoverageCode, OtherAmountPaid1, OtherAmountPaidQualifier1, OtherAmountPaid2, OtherAmountPaidQualifier2, OtherAmountPaid3, OtherAmountPaidQualifier3, CompoundDosageFromDescriptionCode, CompoundDispensingUnitFormIndicator, DrugCoverageStatusCode, PharmacyClientCode, Carrier, Account, PatientResidenceCode, ClaimSource, RecordIdentifier, ClaimSequenceNumber, ClaimStatus, LineOfBusiness, BrandTradeName, BrandGenericCode, PreviousClaimNumber, ClaimType, PhyServiceID, AdjustmentReasonCode, ClaimTransactionType, AdjustmentType, ReversalIndicator, ClaimOriginationFlag, OtherPaidAmountColumn, OtherPaidAmountColumn2, ClientID, PrescribedQty, cUnique, cUniqueMax, cUniqueOrder, cSuppress, isDuplicate, origLineKeyID, origTapeID, isAdjusted, isReversal, isAdjustment, adjLineKeyID, adjTapeID, cTapeID, cClaimRoot, cClaimAdjustment, cClaimPreviousInstance, cClaimSequence, cRawlingsICDVersion, cEligibility, cSubscriber, cDateOfService, cEligibilityOrder, cEligibilityOrder_LineKeyID, cEligibilityOrder_TapeID, cEligibilityDemo, cEligibilityDemo_LineKeyID, cEligibilityDemo_TapeID, cSubscriberOrder, cSubscriberOrder_LineKeyID, cSubscriberOrder_TapeID, cSubscriberDemo, cSubscriberDemo_LineKeyID, cSubscriberDemo_TapeID, cPersonUnitID, cPersonUnitKey, dPatientKey, dSubscriberKey, dGroupKey, dClaimKey",153
Audits,CignaHospiceAudit03062026_AllClaims_NoDupes,"DRUG_NDC, DATE_OF_SERVICE, BENEFICIARY_BIRTH_DATE, PDE_CARDHOLDER_ID, TotalPaidAmount, PDE_CLAIM_CONTROL_NO, LineKeyID, TapeID, PatientKey, SubscriberKey, GroupKey, DateFilled, RxNumber, NDC, Pharmacy_NCPDPID, Pharmacy_NPI, PharmacyKey, Quantity, FillNumber, NewOrRefill, DaysSupply, CompoundCode, DateWritten, DispenseAsWritten, PrescriptionOriginCode, IngredientCostSubmitted, DispensingFeeSubmitted, IncentiveAmountSubmitted, FlatSalesTaxAmountSubmitted, PercentageSalesTaxAmountSubmitted, ProfessionalServiceFeeSubmitted, OtherAmountClaimedSubmittedQualifier1, OtherAmountClaimedSubmitted1, OtherAmountClaimedSubmittedQualifier2, OtherAmountClaimedSubmitted2, OtherAmountClaimedSubmittedQualifier3, OtherAmountClaimedSubmitted3, UsualAndCustomaryCharge, GrossAmountDue, BasisOfCostDetermination, PatientPayAmount, IngredientCostPaid, DispensingFeePaid, FlatSalesTaxAmountPaid, PercentageSalesTaxAmountPaid, IncentiveAmountPaid, ProfessionalServiceFeePaid, OtherPayerAmountRecognized, TotalAmountPaid, BasisOfReimbursementDetermination, AmountAppliedToPeriodicDeductible, AmountAttributedToCoverageGap, AmountAttributedToProcessorFee, AmountAttributedToProductSelection, AmountAttributedToProductSelectionBrandDrug, AmountAttributedToProductSelectionBrandNonPreferredFormularySelection, AmountAttributedToProductSelectionNonPreferredFormularySelection, AmountAttributedToProviderNetworkSelection, AmountAttributedToSalesTax, AmountExceedingPeriodicBenefitMaximum, AmountOfCopay, AmountOfCoinsurance, PrescriberIdQualifier, PrescriberId, PrescriberKey, LICSLevel, LowIncomeSubsidyAmount, COBOrder, PBMClaimNumber, AdjustmentIndicatorID, ClaimRoot, PartDPolicyType, DateAdjudicated, DatePaid, CheckDate, CheckNumber, LegalEntityKey, ClientKey, PriorAuthorizationNumberSubmitted, ProductServiceIDQualifier, ProductServiceID, PartDPlanBenefitPackage, PartDContractNumber, AdjustmentCounter, AdjustmentSequence, OtherCoverageCode, OtherAmountPaid1, OtherAmountPaidQualifier1, OtherAmountPaid2, OtherAmountPaidQualifier2, OtherAmountPaid3, OtherAmountPaidQualifier3, CompoundDosageFromDescriptionCode, CompoundDispensingUnitFormIndicator, DrugCoverageStatusCode, PharmacyClientCode, Carrier, Account, PatientResidenceCode, ClaimSource, RecordIdentifier, ClaimSequenceNumber, ClaimStatus, LineOfBusiness, BrandTradeName, BrandGenericCode, PreviousClaimNumber, ClaimType, PhyServiceID, AdjustmentReasonCode, ClaimTransactionType, AdjustmentType, ReversalIndicator, ClaimOriginationFlag, OtherPaidAmountColumn, OtherPaidAmountColumn2, ClientID, PrescribedQty, cUnique, cUniqueMax, cUniqueOrder, cSuppress, isDuplicate, origLineKeyID, origTapeID, isAdjusted, isReversal, isAdjustment, adjLineKeyID, adjTapeID, cTapeID, cClaimRoot, cClaimAdjustment, cClaimPreviousInstance, cClaimSequence, cRawlingsICDVersion, cEligibility, cSubscriber, cDateOfService, cEligibilityOrder, cEligibilityOrder_LineKeyID, cEligibilityOrder_TapeID, cEligibilityDemo, cEligibilityDemo_LineKeyID, cEligibilityDemo_TapeID, cSubscriberOrder, cSubscriberOrder_LineKeyID, cSubscriberOrder_TapeID, cSubscriberDemo, cSubscriberDemo_LineKeyID, cSubscriberDemo_TapeID, cPersonUnitID, cPersonUnitKey, dPatientKey, dSubscriberKey, dGroupKey, dClaimKey, rnk",158
Audits,CignaHospiceAudit03062026_BestChosenLine,"ClaimKey, DateFilled, ClaimRootTotalPatientPaidAmount, ClaimRootTotalAmountPaid, PBMClaimNumber, LineTotalAmountPaid, ClaimLineCount, ClaimRoot, PDE_CLAIM_CONTROL_NO",9
Audits,CignaHospiceAudit03062026_PBMClaimNumberMatches,"LineKeyID, TapeID, PatientKey, SubscriberKey, GroupKey, DateFilled, RxNumber, NDC, Pharmacy_NCPDPID, Pharmacy_NPI, PharmacyKey, Quantity, FillNumber, NewOrRefill, DaysSupply, CompoundCode, DateWritten, DispenseAsWritten, PrescriptionOriginCode, IngredientCostSubmitted, DispensingFeeSubmitted, IncentiveAmountSubmitted, FlatSalesTaxAmountSubmitted, PercentageSalesTaxAmountSubmitted, ProfessionalServiceFeeSubmitted, OtherAmountClaimedSubmittedQualifier1, OtherAmountClaimedSubmitted1, OtherAmountClaimedSubmittedQualifier2, OtherAmountClaimedSubmitted2, OtherAmountClaimedSubmittedQualifier3, OtherAmountClaimedSubmitted3, UsualAndCustomaryCharge, GrossAmountDue, BasisOfCostDetermination, PatientPayAmount, IngredientCostPaid, DispensingFeePaid, FlatSalesTaxAmountPaid, PercentageSalesTaxAmountPaid, IncentiveAmountPaid, ProfessionalServiceFeePaid, OtherPayerAmountRecognized, TotalAmountPaid, BasisOfReimbursementDetermination, AmountAppliedToPeriodicDeductible, AmountAttributedToCoverageGap, AmountAttributedToProcessorFee, AmountAttributedToProductSelection, AmountAttributedToProductSelectionBrandDrug, AmountAttributedToProductSelectionBrandNonPreferredFormularySelection, AmountAttributedToProductSelectionNonPreferredFormularySelection, AmountAttributedToProviderNetworkSelection, AmountAttributedToSalesTax, AmountExceedingPeriodicBenefitMaximum, AmountOfCopay, AmountOfCoinsurance, PrescriberIdQualifier, PrescriberId, PrescriberKey, LICSLevel, LowIncomeSubsidyAmount, COBOrder, PBMClaimNumber, AdjustmentIndicatorID, ClaimRoot, PartDPolicyType, DateAdjudicated, DatePaid, CheckDate, CheckNumber, LegalEntityKey, ClientKey, PriorAuthorizationNumberSubmitted, ProductServiceIDQualifier, ProductServiceID, PartDPlanBenefitPackage, PartDContractNumber, AdjustmentCounter, AdjustmentSequence, OtherCoverageCode, OtherAmountPaid1, OtherAmountPaidQualifier1, OtherAmountPaid2, OtherAmountPaidQualifier2, OtherAmountPaid3, OtherAmountPaidQualifier3, CompoundDosageFromDescriptionCode, CompoundDispensingUnitFormIndicator, DrugCoverageStatusCode, PharmacyClientCode, Carrier, Account, PatientResidenceCode, ClaimSource, RecordIdentifier, ClaimSequenceNumber, ClaimStatus, LineOfBusiness, BrandTradeName, BrandGenericCode, PreviousClaimNumber, ClaimType, PhyServiceID, AdjustmentReasonCode, ClaimTransactionType, AdjustmentType, ReversalIndicator, ClaimOriginationFlag, OtherPaidAmountColumn, OtherPaidAmountColumn2, ClientID, PrescribedQty, cUnique, cUniqueMax, cUniqueOrder, cSuppress, isDuplicate, origLineKeyID, origTapeID, isAdjusted, isReversal, isAdjustment, adjLineKeyID, adjTapeID, cTapeID, cClaimRoot, cClaimAdjustment, cClaimPreviousInstance, cClaimSequence, cRawlingsICDVersion, cEligibility, cSubscriber, cDateOfService, cEligibilityOrder, cEligibilityOrder_LineKeyID, cEligibilityOrder_TapeID, cEligibilityDemo, cEligibilityDemo_LineKeyID, cEligibilityDemo_TapeID, cSubscriberOrder, cSubscriberOrder_LineKeyID, cSubscriberOrder_TapeID, cSubscriberDemo, cSubscriberDemo_LineKeyID, cSubscriberDemo_TapeID, cPersonUnitID, cPersonUnitKey, dPatientKey, dSubscriberKey, dGroupKey, dClaimKey, PDE_CLAIM_CONTROL_NO",152
Audits,CignaHospiceAudit03062026_PeopleDetails,"DRUG_NDC, DATE_OF_SERVICE, BENEFICIARY_BIRTH_DATE, PDE_CARDHOLDER_ID, AuditTotalPaidAmount, Pharmacy_NPI, PDE_CLAIM_CONTROL_NO, PDE_PATIENT_PAID_AMT",8
Audits,CignaHospiceAudit03062026_PeopleKeys,PatientKey,1
Audits,CignaHospiceAudit04082026,"Proper_Improper_Determination, Proper_Improper_Rationale, Audit_Record_Number, DATE_OF_SERVICE, DATE_EFFECTIVE, DATE_IDR_PROCESSED, CLM_ADJST_TYPE_CD, PDE_CLAIM_CONTROL_NO, Unnamed:_8, PDE_CLAIM_UNIQUE_ID, PDE_CLAIM_TYPE_CODE, PDE_CPP_AMT, PDE_NCPP_AMT, PDE_PATIENT_PAID_AMT, PDE_LICS_AMT, PDE_OTHER_TROOP_AMT, PDE_PLRO_AMT, Total_Paid_Amt, PDE_DISPENSING_FEE, PDE_INGREDIENT_COST, PDE_SALES_TAX, Total_Cost, PDE_GDCB_AMT, PDE_GDCA_AMT, PDE_GAP_DISCOUNT_AMT, PDE_VACCINE_ADMIN_FEE, PDE_REBATE_AT_POS, PDE_Package_Size_UoM, PDE_COMPOUND, PDE_PLAN_CHANGE_REASON, PDE_PRESCRIPTION_ORIGIN, PDE_DRUG_COVERAGE_STATUS, PDE_PRICING_EXCEPTION, PDE_CATASTROPHIC_COVERAGE, PDE_PDE_CNT, DRUG_NDC, NDC_PROD_NAME, MULTI_SOURCE, DEA_CLASS_MDDB, DEA_CLASS_FDB, DRUG_BRAND_GENERIC, DRUG_FORMULARY_ID, DRUG_FORMULARY_CODE, GPI, PDE_DAW, PDE_DAYS_SUPPLY, PDE_QUANTITY_DISPENSED, PDE_FILL_NO, PDE_RX_SERVICE_REF_NO, Drug_Subclass, Drug_Subclass_Name, GPPC, Generic_Name, PROD_DESCRIP_ABBRV, PDE_DISPENSING_STATUS, ORIGINAL_CONTRACT_NUMBER, ORIGINAL_PBP_NUMBER, SC_CONTRACT_NUMBER, SC_PBP_NUMBER, Current_Contract_Number, Current_Contract_Name, Contract_Status, Parent_Organization, PDE_NON_STD_FORMAT_CODE, PDE_CARDHOLDER_ID, PDE_HICN, BENE_SK, Beneficiary_Name, Beneficiary_Address, Beneficiary_City, BENEFICIARY_STATE, BENEFICIARY_ZIP_CODE, BENEFICIARY_BIRTH_DATE, BENEFICIARY_DEATH_DATE, BENEFICIARY_SEX, BENEFICIARY_MBI_ID, Audit_Record_Number_1, PATIENT_RESIDENCE_CODE, PHARMACY_ORIGINAL_ID, PHARMACY_QUALIFIER_CODE, Pharmacy_NPI, Pharmacy_DEA, Pharmacy_NCPDP, Pharmacy_Prim_Taxonomy, Pharmacy_Prim_Taxonomy_Descr, Primary_Dispenser_Type_Code, Primary_Dispenser_Type_Descr, Primary_Dispenser_Cls_Code, Primary_Dispenser_Cls_Descr, NCPDP_Pharmacy_Name, NCPDP_DBA_Name, Pharmacy_Address, Pharmacy_City, Pharmacy_State, Pharmacy_Zip_Code, PRESCRIBER_ORIGINAL_ID, Prescriber_NPI, Prescriber_Prim_Taxonomy, Prescriber_Prim_Taxonomy_Descr, Prescriber_Company_Name, Prescriber_Address, Prescriber_City, Prescriber_State, Prescriber_Zip_Code, Claimroot, TRC_INVESTIGATION_ID, Type, Conclusion, Claim, Status, Analyst, Provider, ResponsibleParty, Disposition, OriginalEffectiveDate, TerminationDate",116
CenteneRetro,AddBlockingFields,"EligFileName, EligLineKeyId, Firstname, LastName, BirthDate, MemberKey, SoundexMemberKey1, SoundexMemberKey2, SoundexMemberKey3, SubscriberKey, SSN, EffectiveDate, TerminationDate, DateFilled, DaysTermToDateFilled, ClaimRoot, ClaimKey, ClientKey, TotalAmountPaid, Pharmacy_NCPDPID, Pharmacy_NPI, GenLOBCode, PartDContractNumber, Carrier, isGap, isFullRetro, isOrphanedClaim, AlternateId1, AlternateId2, MemberID, TrcMemberID",31
CenteneRetro,CCPMEMBH20250928_full,"Member_Nbr, MemberID_01, LastName, FirstName, MiddleName, Sex, BirthDate, MemberID_02, Filler01, Address_1, City, State, Zip, EffectiveDate, TerminationDate, Filler02, Emplstat, DivisionNbr, BusinessUnit, LR_Response, Alternate_Subscriber_Id, Relationship_Code, Relationship_Description, Medicare_Indicator, Risk_Type, Risk_Type_Description, Subscriber_Member_Id, Group_Id, Bus_Line, RMC_Code, Member_Home_Phone_Area_Code, Member_Home_Phone_Number, Member_Work_Phone_Area_Code, Member_Work_Phone_Number, Member_Address2, Date_Of_Death, Project_Code, PMG_ID, Medicare_Member_Identification_Number, Email_Address, Medicare_Beneficiary_Identifier, MemberClassCode, Filler_Maybe",43
CenteneRetro,CenteneEligLoadLog,"ID, LoadStart, FileName, RecordCount, CompletionDateTime",5
CenteneRetro,CenteneRxRetroTermValidationFile,"MemberKey, SubscriberKey, TrcMemberID, MemberID, FirstName, LastName, MemberDOB, AlternateId1, AlternateId2, PlanName, PlanState, SSN, LOB, TerminationDate, FirstClaim, LastClaim, Dollars, DaysToClaim, MatchDate, Term Date Correct, Client System Term Date, New Start Date, New Term Date, New Sub ID, Pursue Yes/No",25
CenteneRetro,CenteneRxRetroTermValidationFile_SAMPLE,"MemberKey, SubscriberKey, TrcMemberID, MemberID, FirstName, LastName, MemberDOB, AlternateId1, AlternateId2, PlanName, PlanState, SSN, LOB, TerminationDate, FirstClaim, LastClaim, Dollars, DaysToClaim, MatchDate, Term Date Correct, Client System Term Date, New Start Date, New Term Date, New Sub ID, Pursue Yes/No",25
CenteneRetro,ClaimSoundexMemberKeys,"SoundexMemberKey1, SoundexMemberKey2, SoundexMemberKey3, DateFilled, ClaimTapeId, ClaimLineKeyId",6
CenteneRetro,ClaimSoundexMemberKeys_Research,"SoundexMemberKey1, SoundexMemberKey2, SoundexMemberKey3, DateFilled, ClaimTapeId, ClaimLineKeyId",6
CenteneRetro,ClaimTapeLine,"ClaimTapeId, ClaimLineKeyID, SoundexMemberKey1, SoundexMemberKey2, SoundexMemberKey3",5
CenteneRetro,Claims,"Id, PatientKey, ClaimSubscriberKey, SoundexMemberKey1, SoundexMemberKey2, SoundexMemberKey3, ClaimRoot, ClaimKey, TotalAmountPaid, DateFilled, OtherCoverageCode, Pharmacy_NPI, Pharmacy_NCPDPID, Quantity, DaysSupply, DateAdjudicated, AdjustmentSequence, Carrier, PartDContractNumber, GenLOBCode, ClientKey",21
CenteneRetro,ClaimsWithNearestEligibility,"EligFileName, EligLineKeyId, Firstname, LastName, BirthDate, MemberKey, SoundexMemberKey1, SoundexMemberKey2, SoundexMemberKey3, SubscriberKey, SSN, EffectiveDate, TerminationDate, DateFilled, DaysTermToDateFilled, ClaimRoot, ClaimKey, ClientKey, TotalAmountPaid, Pharmacy_NCPDPID, Pharmacy_NPI, GenLOBCode, PartDContractNumber, Carrier, isGap, isFullRetro, isOrphanedClaim",27
CenteneRetro,ClaimsWithNearestEligibility_Backup,"EligFileName, EligLineKeyId, Firstname, LastName, BirthDate, MemberKey, SoundexMemberKey1, SoundexMemberKey2, SoundexMemberKey3, SubscriberKey, SSN, EffectiveDate, TerminationDate, DateFilled, DaysTermToDateFilled, ClaimRoot, ClaimKey, ClientKey, TotalAmountPaid, Pharmacy_NCPDPID, Pharmacy_NPI, GenLOBCode, PartDContractNumber, Carrier, isGap, isFullRetro, isOrphanedClaim",27
CenteneRetro,Claims_backup,"Id, PatientKey, ClaimSubscriberKey, SoundexMemberKey1, SoundexMemberKey2, SoundexMemberKey3, ClaimRoot, ClaimKey, TotalAmountPaid, DateFilled, OtherCoverageCode, Pharmacy_NPI, Pharmacy_NCPDPID, Quantity, DaysSupply, DateAdjudicated, AdjustmentSequence, Carrier, PartDContractNumber, GenLOBCode, ClientKey",21
CenteneRetro,FullEligForMining,"FileName, LineKeyID, Member_Nbr, MemberID_01, MemberID_02, Alternate_Subscriber_Id, Medicare_Member_Identification_Number, MemberKey1, MemberKey2, MemberKey3, SubscriberKey, SoundexMemberKey1, SoundexMemberKey2, SoundexMemberKey3, LastName, FirstName, SoundexLastName, SoundexFirstName, BirthDate, SSN, Relationship_Code, State, Zip, EffectiveDate, TerminationDate, DivisionNbr",26
CenteneRetro,FullEligMemberKeys,"MemberKey, SoundexMemberKey, FileName, LineKeyID, EffectiveDate, TerminationDate, SubscriberKey, SSN, MemberID, FirstName, LastName, BirthDate, DivisionNbr",13
CenteneRetro,HNT_XAMEMMD20250905_full,"Member_Nbr, MemberID_01, LastName, FirstName, MiddleName, Sex, BirthDate, MemberID_02, Filler01, Address_1, City, State, Zip, EffectiveDate, TerminationDate, Filler02, Emplstat, DivisionNbr, BusinessUnit, LR_Response, Alternate_Subscriber_Id, Relationship_Code, Relationship_Description, Medicare_Indicator, Risk_Type, Risk_Type_Description, Subscriber_Member_Id, Group_Id, Bus_Line, RMC_Code, Member_Home_Phone_Area_Code, Member_Home_Phone_Number, Member_Work_Phone_Area_Code, Member_Work_Phone_Number, Member_Address2, Date_Of_Death, Project_Code, PMG_ID, Medicare_Member_Identification_Number, Email_Address, Medicare_Beneficiary_Identifier, MemberClassCode, Filler_Maybe",43
CenteneRetro,HNT_XBMEMMD20250905_full,"Member_Nbr, MemberID_01, LastName, FirstName, MiddleName, Sex, BirthDate, MemberID_02, Filler01, Address_1, City, State, Zip, EffectiveDate, TerminationDate, Filler02, Emplstat, DivisionNbr, BusinessUnit, LR_Response, Alternate_Subscriber_Id, Relationship_Code, Relationship_Description, Medicare_Indicator, Risk_Type, Risk_Type_Description, Subscriber_Member_Id, Group_Id, Bus_Line, RMC_Code, Member_Home_Phone_Area_Code, Member_Home_Phone_Number, Member_Work_Phone_Area_Code, Member_Work_Phone_Number, Member_Address2, Date_Of_Death, Project_Code, PMG_ID, Medicare_Member_Identification_Number, Email_Address, Medicare_Beneficiary_Identifier, MemberClassCode, Filler_Maybe",43
CenteneRetro,OrphanedClaimsNoEligibility,"EligFileName, EligLineKeyId, Firstname, LastName, BirthDate, MemberKey, SoundexMemberKey1, SoundexMemberKey2, SoundexMemberKey3, SubscriberKey, SSN, EffectiveDate, TerminationDate, DateFilled, DaysTermToDateFilled, ClaimRoot, ClaimKey, ClientKey, TotalAmountPaid, Pharmacy_NCPDPID, Pharmacy_NPI, GenLOBCode, PartDContractNumber, Carrier, isGap, isFullRetro, isOrphanedClaim, AlternateId1, AlternateId2, MemberID, TrcMemberID",31
CenteneRetro,OrphanedMemberKeys,"MatchValue, MatchPriority, MatchKey, MemberKey, SoundexMemberKey1, SoundexMemberKey2, SoundexMemberKey3",7
CenteneRetro,OrphanedMembers,"MemberKey, SoundexMemberKey1, SoundexMemberKey2, SoundexMemberKey3",4
CenteneRetro,OrphanedMembersWithElig,"MemberKey, SoundexMemberKey1, SoundexMemberKey2, SoundexMemberKey3, MatchKey, LineKeyID, TapeID, FirstName, LastName, BirthDate, EffectiveDate, TerminationDate",12
CenteneRetro,OrphanedMembersWithElig_Ranked,"MemberKey, SoundexMemberKey1, SoundexMemberKey2, SoundexMemberKey3, MatchKey, TapeID, LineKeyID, EffectiveDate, TerminationDate, FirstName, LastName, BirthDate, ElgRank",13
CenteneRetro,OrphansNonGap,"EligFileName, EligLineKeyId, Firstname, LastName, BirthDate, MemberKey, SoundexMemberKey1, SoundexMemberKey2, SoundexMemberKey3, SubscriberKey, SSN, EffectiveDate, TerminationDate, DateFilled, DaysTermToDateFilled, ClaimRoot, ClaimKey, ClientKey, TotalAmountPaid, Pharmacy_NCPDPID, Pharmacy_NPI, GenLOBCode, PartDContractNumber, Carrier, isGap, isFullRetro, isOrphanedClaim, AlternateId1, AlternateId2, MemberID, TrcMemberID",31
CenteneRetro,PrepLineKeyAndTapeIds,"TapeID, LineKeyID",2
CenteneRetro,TFS964983_2_CenteneRxRetroTermValidationFile,"MemberKey, SubscriberKey, TrcMemberID, MemberID, FirstName, LastName, MemberDOB, AlternateId1, AlternateId2, PlanName, PlanState, SSN, LOB, TerminationDate, FirstClaim, LastClaim, Dollars, DaysToClaim, MatchDate, Term Date Correct, Client System Term Date, New Start Date, New Term Date, New Sub ID, Pursue Yes/No",25
CenteneRetro,TFS964983_AddBlockingFields,"EligFileName, EligLineKeyId, Firstname, LastName, BirthDate, MemberKey, SoundexMemberKey1, SoundexMemberKey2, SoundexMemberKey3, SubscriberKey, SSN, EffectiveDate, TerminationDate, DateFilled, DaysTermToDateFilled, ClaimRoot, ClaimKey, ClientKey, TotalAmountPaid, Pharmacy_NCPDPID, Pharmacy_NPI, GenLOBCode, PartDContractNumber, Carrier, isGap, isFullRetro, isOrphanedClaim, AlternateId1, AlternateId2, TrcMemberID",30
CenteneRetro,TFS964983_ClaimSoundexMemberKeys,"SoundexMemberKey1, SoundexMemberKey2, SoundexMemberKey3, DateFilled, ClaimTapeId, ClaimLineKeyId",6
CenteneRetro,TFS964983_ClaimTapeLine,"ClaimTapeId, ClaimLineKeyID, SoundexMemberKey1, SoundexMemberKey2, SoundexMemberKey3",5
CenteneRetro,TFS964983_Claims,"Id, PatientKey, ClaimSubscriberKey, SoundexMemberKey1, SoundexMemberKey2, SoundexMemberKey3, ClaimRoot, ClaimKey, TotalAmountPaid, DateFilled, OtherCoverageCode, Pharmacy_NPI, Pharmacy_NCPDPID, Quantity, DaysSupply, DateAdjudicated, AdjustmentSequence, Carrier, PartDContractNumber, GenLOBCode, ClientKey",21
CenteneRetro,TFS964983_ClaimsWithNearestEligibility,"EligFileName, EligLineKeyId, Firstname, LastName, BirthDate, MemberKey, SoundexMemberKey1, SoundexMemberKey2, SoundexMemberKey3, SubscriberKey, SSN, EffectiveDate, TerminationDate, DateFilled, DaysTermToDateFilled, ClaimRoot, ClaimKey, ClientKey, TotalAmountPaid, Pharmacy_NCPDPID, Pharmacy_NPI, GenLOBCode, PartDContractNumber, Carrier, isGap, isFullRetro, isOrphanedClaim",27
CenteneRetro,TFS964983_ClaimsWithNearestEligibility_Backup,"EligFileName, EligLineKeyId, Firstname, LastName, BirthDate, MemberKey, SoundexMemberKey1, SoundexMemberKey2, SoundexMemberKey3, SubscriberKey, SSN, EffectiveDate, TerminationDate, DateFilled, DaysTermToDateFilled, ClaimRoot, ClaimKey, ClientKey, TotalAmountPaid, Pharmacy_NCPDPID, Pharmacy_NPI, GenLOBCode, PartDContractNumber, Carrier, isGap, isFullRetro, isOrphanedClaim",27
CenteneRetro,TFS964983_Claims_backup,"Id, PatientKey, ClaimSubscriberKey, SoundexMemberKey1, SoundexMemberKey2, SoundexMemberKey3, ClaimRoot, ClaimKey, TotalAmountPaid, DateFilled, OtherCoverageCode, Pharmacy_NPI, Pharmacy_NCPDPID, Quantity, DaysSupply, DateAdjudicated, AdjustmentSequence, Carrier, PartDContractNumber, GenLOBCode, ClientKey",21
CenteneRetro,TFS964983_FullEligMemberKeys,"MemberKey, SoundexMemberKey, FileName, LineKeyID, EffectiveDate, TerminationDate, SubscriberKey, SSN, MemberID, MemberID_01, FirstName, LastName, BirthDate, DivisionNbr",14
CenteneRetro,TFS964983_OrphanedClaimsNoEligibility,"EligFileName, EligLineKeyId, Firstname, LastName, BirthDate, MemberKey, SoundexMemberKey1, SoundexMemberKey2, SoundexMemberKey3, SubscriberKey, SSN, EffectiveDate, TerminationDate, DateFilled, DaysTermToDateFilled, ClaimRoot, ClaimKey, ClientKey, TotalAmountPaid, Pharmacy_NCPDPID, Pharmacy_NPI, GenLOBCode, PartDContractNumber, Carrier, isGap, isFullRetro, isOrphanedClaim, AlternateId1, AlternateId2, TrcMemberID",30
CenteneRetro,TFS964983_OrphansNonGap,"EligFileName, EligLineKeyId, Firstname, LastName, BirthDate, MemberKey, SoundexMemberKey1, SoundexMemberKey2, SoundexMemberKey3, SubscriberKey, SSN, EffectiveDate, TerminationDate, DateFilled, DaysTermToDateFilled, ClaimRoot, ClaimKey, ClientKey, TotalAmountPaid, Pharmacy_NCPDPID, Pharmacy_NPI, GenLOBCode, PartDContractNumber, Carrier, isGap, isFullRetro, isOrphanedClaim, AlternateId1, AlternateId2, TrcMemberID",30
CenteneRetro,Testing_AddBlockingFields,"EligFileName, EligLineKeyId, Firstname, LastName, BirthDate, MemberKey, SoundexMemberKey1, SoundexMemberKey2, SoundexMemberKey3, SubscriberKey, SSN, EffectiveDate, TerminationDate, DateFilled, DaysTermToDateFilled, ClaimRoot, ClaimKey, ClientKey, TotalAmountPaid, Pharmacy_NCPDPID, Pharmacy_NPI, GenLOBCode, PartDContractNumber, Carrier, isGap, isFullRetro, isOrphanedClaim, AlternateId1, AlternateId2, MemberID, TrcMemberID",31
CenteneRetro,Testing_CenteneRxRetroTermValidationFile_SAMPLE,"MemberKey, SubscriberKey, TrcMemberID, MemberID, FirstName, LastName, MemberDOB, AlternateId1, AlternateId2, PlanName, PlanState, SSN, LOB, TerminationDate, FirstClaim, LastClaim, Dollars, DaysToClaim, MatchDate, Term Date Correct, Client System Term Date, New Start Date, New Term Date, New Sub ID, Pursue Yes/No",25
CenteneRetro,Testing_ClaimSoundexMemberKeys,"SoundexMemberKey1, SoundexMemberKey2, SoundexMemberKey3, DateFilled, ClaimTapeId, ClaimLineKeyId",6
CenteneRetro,Testing_ClaimTapeLine,"ClaimTapeId, ClaimLineKeyID, SoundexMemberKey1, SoundexMemberKey2, SoundexMemberKey3",5
CenteneRetro,Testing_Claims,"Id, PatientKey, ClaimSubscriberKey, SoundexMemberKey1, SoundexMemberKey2, SoundexMemberKey3, ClaimRoot, ClaimKey, TotalAmountPaid, DateFilled, OtherCoverageCode, Pharmacy_NPI, Pharmacy_NCPDPID, Quantity, DaysSupply, DateAdjudicated, AdjustmentSequence, Carrier, PartDContractNumber, GenLOBCode, ClientKey",21
CenteneRetro,Testing_ClaimsWithNearestEligibility,"EligFileName, EligLineKeyId, Firstname, LastName, BirthDate, MemberKey, SoundexMemberKey1, SoundexMemberKey2, SoundexMemberKey3, SubscriberKey, SSN, EffectiveDate, TerminationDate, DateFilled, DaysTermToDateFilled, ClaimRoot, ClaimKey, ClientKey, TotalAmountPaid, Pharmacy_NCPDPID, Pharmacy_NPI, GenLOBCode, PartDContractNumber, Carrier, isGap, isFullRetro, isOrphanedClaim",27
CenteneRetro,Testing_ClaimsWithNearestEligibility_Backup,"EligFileName, EligLineKeyId, Firstname, LastName, BirthDate, MemberKey, SoundexMemberKey1, SoundexMemberKey2, SoundexMemberKey3, SubscriberKey, SSN, EffectiveDate, TerminationDate, DateFilled, DaysTermToDateFilled, ClaimRoot, ClaimKey, ClientKey, TotalAmountPaid, Pharmacy_NCPDPID, Pharmacy_NPI, GenLOBCode, PartDContractNumber, Carrier, isGap, isFullRetro, isOrphanedClaim",27
CenteneRetro,Testing_Claims_backup,"Id, PatientKey, ClaimSubscriberKey, SoundexMemberKey1, SoundexMemberKey2, SoundexMemberKey3, ClaimRoot, ClaimKey, TotalAmountPaid, DateFilled, OtherCoverageCode, Pharmacy_NPI, Pharmacy_NCPDPID, Quantity, DaysSupply, DateAdjudicated, AdjustmentSequence, Carrier, PartDContractNumber, GenLOBCode, ClientKey",21
CenteneRetro,Testing_FullEligMemberKeys,"MemberKey, SoundexMemberKey, FileName, LineKeyID, EffectiveDate, TerminationDate, SubscriberKey, SSN, MemberID, FirstName, LastName, BirthDate, DivisionNbr",13
CenteneRetro,Testing_OrphanedClaimsNoEligibility,"EligFileName, EligLineKeyId, Firstname, LastName, BirthDate, MemberKey, SoundexMemberKey1, SoundexMemberKey2, SoundexMemberKey3, SubscriberKey, SSN, EffectiveDate, TerminationDate, DateFilled, DaysTermToDateFilled, ClaimRoot, ClaimKey, ClientKey, TotalAmountPaid, Pharmacy_NCPDPID, Pharmacy_NPI, GenLOBCode, PartDContractNumber, Carrier, isGap, isFullRetro, isOrphanedClaim, AlternateId1, AlternateId2, MemberID, TrcMemberID",31
CenteneRetro,Testing_OrphanedMemberKeys,"MatchValue, MatchPriority, MatchKey, MemberKey, SoundexMemberKey1, SoundexMemberKey2, SoundexMemberKey3",7
CenteneRetro,Testing_OrphanedMembers,"MemberKey, SoundexMemberKey1, SoundexMemberKey2, SoundexMemberKey3",4
CenteneRetro,Testing_OrphanedMembersWithElig,"MemberKey, SoundexMemberKey1, SoundexMemberKey2, SoundexMemberKey3, MatchKey, LineKeyID, TapeID, FirstName, LastName, BirthDate, EffectiveDate, TerminationDate, DivisionNbr",13
CenteneRetro,Testing_OrphanedMembersWithElig_Ranked,"MemberKey, SoundexMemberKey1, SoundexMemberKey2, SoundexMemberKey3, MatchKey, TapeID, LineKeyID, EffectiveDate, TerminationDate, FirstName, LastName, BirthDate, DivisionNbr, ElgRank",14
CenteneRetro,Testing_OrphansNonGap,"EligFileName, EligLineKeyId, Firstname, LastName, BirthDate, MemberKey, SoundexMemberKey1, SoundexMemberKey2, SoundexMemberKey3, SubscriberKey, SSN, EffectiveDate, TerminationDate, DateFilled, DaysTermToDateFilled, ClaimRoot, ClaimKey, ClientKey, TotalAmountPaid, Pharmacy_NCPDPID, Pharmacy_NPI, GenLOBCode, PartDContractNumber, Carrier, isGap, isFullRetro, isOrphanedClaim, AlternateId1, AlternateId2, MemberID, TrcMemberID",31
ClientPerformanceModel,AetnaRxClaimsLOB1,"Paid, ClaimRoot, ClaimKey, Yearloaded, Monthloaded, PatientKey, LOB, LOB2, m-y",9
ClientPerformanceModel,CenteneRxClaimsLOB1,"Paid, ClaimRoot, ClaimKey, Yearloaded, Monthloaded, PatientKey, LOB, isOIPrime, PartDPrimary, Retro, MSP, MedicaidNotPrime, m-y",13
ClientPerformanceModel,ClientPerformanceModel_CenteneRxClaimsLOB1_checker,"Paid, ClaimRoot, ClaimKey, Yearloaded, Monthloaded, PatientKey, LOB, isOIPrime, PartDPrimary, Retro, MSP, MedicaidNotPrime, m-y",13
ClientPerformanceModel,WellCareRxClaimsLOB,"LineKey, TapeID, TotalAmountPaid, PatientKey, ClaimRoot, Yearloaded, Monthloaded, LOB, LOB2, M-Y",10
ClientPerformanceModel,WellCareRxLineKeysTapeIds,"LineKey, TapeID",2
ClientPerformanceModel,WellpointEdwardRXClaimsLOB1,"Paid, ClaimRoot, ClaimKey, Yearloaded, Monthloaded, PatientKey, LOB, LOB2, m-y, ClientName",10
FrontrunnerTrack,CemTracking,"ClientName, MatchType, CemOverlapCount, CemTotalCount, CemCompletedCount",5
FrontrunnerTrack,ClientBreakout,"ClientName, MatchType, OiSource, DmiInvestigationCountByOiSource, TotalDollars, TotalExpected",6
FrontrunnerTrack,ClientSummary,"ClientName, DmiInvestigationCount, PctFrNotInCEM, PctFrNotCompleted, PctFrNotSubmitted, PctCEMNotComplete",6
FrontrunnerTrack,FrontrunnerBreakout,"clientname, MatchType, FrontRunnerQueuedCount, FrontRunnerSubmittedCount, FrontRunnerNotSubmittedCount, FrontRunnerNotSubmittedEv, FrontRunnerCompletedCount",7
FrontrunnerTrack,FrontrunnerOverThresholdBreakout,"clientname, MatchType, FrontRunnerOverThresholdCount, FrontRunnerOverThresholdEv, FrontRunnerOverThresholdClaimValue",5
FrontrunnerTrack,RxPSummary,"ClientName, MatchType, InRxpCount, InRxpDollars",4
POF,RxCorrectedSSN_Tufts,"RxPatSSN, RxMemberKey, ClientName, SSNSource, TapeID, LineKeyID",6
POF,TuftsMiningResultsHistory,"ID, MemberFirstName, MemberLastName, MemberDOB, MemberSSN, RxMemberAMI, RxEffectiveDate, RxTerminationDate, RxSubscriberAMI, RxGroupName, OIAMI, OIEffectiveDate, OITerminationDate, OIClientDB, OIGroupName, MiningOverlapSource, OiIsSub, OiIsIndividual, OiIsRetiree, LegalEntityKey, FileDate, SourceLabel, OiEligDaysDelta, OiWindowSize, IsPBM, DuplicateRank, OverlapRank, NewOITermDate, POFQueueId, InsertTimestamp",30
POF,TuftsRxPOF,"ID, MemberFirstName, MemberLastName, MemberDOB, MemberSSN, RxMemberAMI, ClientAMI, MedGroupNumber, MedGroupName, SubscriberFirstName, SubscriberLastName, SubscriberAMI, SubscriberZip, SubscriberDOB, SubscriberSSN, RxEffectiveDate, RxTerminationDate, RxSubscriberAMI, RxGroupName, RxGroupNumber, OIAMI, OIFirstName, OILastName, OIMemberSSN, OIEffectiveDate, OITerminationDate, OIClientDB, OIGroupName, OIGroupNumber, MiningOverlapSource, OiIsSub, OiIsIndividual, OiIsRetiree, LegalEntityKey, FileDate, SourceLabel, RxLineKeyId, RxTapeId, MedLineKeyId, MedTapeId",40
POF,TuftsRxPOFFiltered,"ID, MemberFirstName, MemberLastName, MemberDOB, MemberSSN, RxMemberAMI, ClientAMI, MedGroupNumber, MedGroupName, SubscriberFirstName, SubscriberLastName, SubscriberAMI, SubscriberZip, SubscriberDOB, SubscriberSSN, RxEffectiveDate, RxTerminationDate, RxSubscriberAMI, RxGroupName, OIAMI, OIFirstName, OILastName, OIMemberSSN, OIEffectiveDate, OITerminationDate, OIClientDB, OIGroupName, OIGroupNumber, MiningOverlapSource, OiIsSub, OiIsIndividual, OiIsRetiree, LegalEntityKey, FileDate, SourceLabel, OiEligDaysDelta, OiWindowSize, IsPBM, DuplicateRank, NewOITermDate, RxLineKeyId, RxTapeId, MedLineKeyId, MedTapeId, ClientName",45
RetroTerm,BCBSNCClaims,"ClaimKey, InvestigationID, FirstName, LastName, MemberDOB, MemberKey, DateFilled, TotalAmountPaid, CorrectTerm, SubscriberKey",10
RetroTerm,BCBSNCEligPrep,"ID, InvestigationID, OiSource, CemPrepID, oiSourceID, SourceRank, OiTermDate, OiAMI, AdjOIAMI, PersonKey, SSN, GroupNumber, GroupName, DOB, ClientCode, ClientName, AMI, SubscriberDOB, FirstName, LastName, SubscriberFirstName, SubscriberLastName, SubscriberAMI, SubscriberSSN, SubscriberAddress1, SubscriberAddress2, SubscriberCity, SubscriberState, SubscriberZip, SubscriberPhone",30
RetroTerm,BCBSNCOtherInsurance,"ID, InvestigationID, ClientName, ClientMemberKey, ClientZip, ClientTerminationDate, OiSource, CemPrepID, OiSourceID, OiClientDb, OiEffectiveDate, OiFirstName, OiLastName, OiAMI, OiDob, OiSSN, OiZip, OiTermDate, SourceRank",19
RetroTerm,BCBSNCOtherInsurance_Backup,"ID, InvestigationID, ClientName, ClientMemberKey, ClientZip, ClientTerminationDate, OiSource, CemPrepID, OiSourceID, OiClientDb, OiEffectiveDate, OiFirstName, OiLastName, OiAMI, OiDob, OiSSN, OiZip, OiTermDate, SourceRank",19
RetroTerm,OIMiningResInCem,"OverlapKey, ClientCode, AMI, SSN, FirstName, LastName, DOB, OtherClientCode, OtherAMI, OtherSSN, OtherFirstName, OtherLastName, OtherDOB, OverlapSource, Score, InsertDate, SubscriberFirstName, SubscriberLastName, SubscriberDOB, SubscriberAMI, SubscriberSSN, SubscriberAddress1, SubscriberAddress2, SubscriberCity, SubscriberState, SubscriberZip, OtherSubscriberFirstName, OtherSubscriberLastName, OtherSubscriberDOB, OtherSubscriberAMI, OtherSubscriberSSN, OtherSubscriberAddress1, OtherSubscriberAddress2, OtherSubscriberCity, OtherSubscriberState, OtherSubscriberZip, CompletionDateTime, ProcessedDateTime, CAQHID, ExcludeFromKillLogic, SubscriberPhoneNumber, OtherSubscriberPhoneNumber, Side1WorkItemId, Side2WorkItemId, clqryid, POFQueueID, PersonKey, Side1StatusId, Side2StatusId, Side1StatusUpdatedDateTime, Side2StatusUpdatedDateTime, PbmAMI, OtherPbmAMI, GroupName, GroupNumber, OtherGroupName, OtherGroupNumber, PatientZip, OtherPatientZip, Side1SQID, Side2SQID, Expired, OriginalInsertDate, Note, OtherNote, OneSidedOtherSide, COBC_Serial, PivotWorkItemId, PersonUnitID, OtherPersonUnitID, OverlapStartDate, PivotCEM, AdaptableInventoryID, OneSideToPivotCEM, AdaptableResult, GroupOutreach",76
RetroTerm,PostValidationOI_Aetna,"OverlapID, PersonKey, SSN, GroupNumber, GroupName, DOB, ClientCode, ClientName, AMI, SubscriberDOB, OverlapSource, CAQHID, POFQueueID, ClQryID, Score, FirstName, LastName, SubscriberFirstName, SubscriberLastName, SubscriberAMI, SubscriberSSN, SubscriberAddress1, SubscriberAddress2, SubscriberCity, SubscriberState, SubscriberZip, SubscriberPhone, OtherAMI, OtherSubscriberAMI, OtherSSN, OtherFirstName, OtherLastName, OtherDOB, OtherClientCode, OtherGroupName, OtherGroupNumber, OtherSubscriberFirstName, OtherSubscriberLastName, OtherSubscriberDOB, OtherSubscriberSSN, OtherSubscriberAddress1, OtherSubscriberAddress2, OtherSubscriberCity, OtherSubscriberState, OtherSubscriberZip, COBC_Serial, OtherNote, InsertDate, Note, PersonUnitID, OtherPersonUnitID, OverlapStartDate, Side2Note",53
RetroTerm,PostValidationOI_AetnaQNXT,"OverlapID, PersonKey, SSN, GroupNumber, GroupName, DOB, ClientCode, ClientName, AMI, SubscriberDOB, OverlapSource, CAQHID, POFQueueID, ClQryID, Score, FirstName, LastName, SubscriberFirstName, SubscriberLastName, SubscriberAMI, SubscriberSSN, SubscriberAddress1, SubscriberAddress2, SubscriberCity, SubscriberState, SubscriberZip, SubscriberPhone, OtherAMI, OtherSubscriberAMI, OtherSSN, OtherFirstName, OtherLastName, OtherDOB, OtherClientCode, OtherGroupName, OtherGroupNumber, OtherSubscriberFirstName, OtherSubscriberLastName, OtherSubscriberDOB, OtherSubscriberSSN, OtherSubscriberAddress1, OtherSubscriberAddress2, OtherSubscriberCity, OtherSubscriberState, OtherSubscriberZip, COBC_Serial, OtherNote, InsertDate, Note, PersonUnitID, OtherPersonUnitID, OverlapStartDate, Side2Note",53
RetroTerm,PostValidationOI_Anthem,"OverlapID, PersonKey, SSN, GroupNumber, GroupName, DOB, ClientCode, ClientName, AMI, SubscriberDOB, OverlapSource, CAQHID, POFQueueID, ClQryID, Score, FirstName, LastName, SubscriberFirstName, SubscriberLastName, SubscriberAMI, SubscriberSSN, SubscriberAddress1, SubscriberAddress2, SubscriberCity, SubscriberState, SubscriberZip, SubscriberPhone, OtherAMI, OtherSubscriberAMI, OtherSSN, OtherFirstName, OtherLastName, OtherDOB, OtherClientCode, OtherGroupName, OtherGroupNumber, OtherSubscriberFirstName, OtherSubscriberLastName, OtherSubscriberDOB, OtherSubscriberSSN, OtherSubscriberAddress1, OtherSubscriberAddress2, OtherSubscriberCity, OtherSubscriberState, OtherSubscriberZip, COBC_Serial, OtherNote, InsertDate, Note, PersonUnitID, OtherPersonUnitID, OverlapStartDate, Side2Note",53
RetroTerm,PostValidationOI_BCBSNC,"OverlapID, PersonKey, SSN, GroupNumber, GroupName, DOB, ClientCode, ClientName, AMI, SubscriberDOB, OverlapSource, CAQHID, POFQueueID, ClQryID, Score, FirstName, LastName, SubscriberFirstName, SubscriberLastName, SubscriberAMI, SubscriberSSN, SubscriberAddress1, SubscriberAddress2, SubscriberCity, SubscriberState, SubscriberZip, SubscriberPhone, OtherAMI, OtherSubscriberAMI, OtherSSN, OtherFirstName, OtherLastName, OtherDOB, OtherClientCode, OtherGroupName, OtherGroupNumber, OtherSubscriberFirstName, OtherSubscriberLastName, OtherSubscriberDOB, OtherSubscriberSSN, OtherSubscriberAddress1, OtherSubscriberAddress2, OtherSubscriberCity, OtherSubscriberState, OtherSubscriberZip, COBC_Serial, OtherNote, InsertDate, Note, PersonUnitID, OtherPersonUnitID, OverlapStartDate, Side2Note",53
RetroTerm,PostValidationOI_Carefirst,"OverlapID, PersonKey, SSN, GroupNumber, GroupName, DOB, ClientCode, ClientName, AMI, SubscriberDOB, OverlapSource, CAQHID, POFQueueID, ClQryID, Score, FirstName, LastName, SubscriberFirstName, SubscriberLastName, SubscriberAMI, SubscriberSSN, SubscriberAddress1, SubscriberAddress2, SubscriberCity, SubscriberState, SubscriberZip, SubscriberPhone, OtherAMI, OtherSubscriberAMI, OtherSSN, OtherFirstName, OtherLastName, OtherDOB, OtherClientCode, OtherGroupName, OtherGroupNumber, OtherSubscriberFirstName, OtherSubscriberLastName, OtherSubscriberDOB, OtherSubscriberSSN, OtherSubscriberAddress1, OtherSubscriberAddress2, OtherSubscriberCity, OtherSubscriberState, OtherSubscriberZip, COBC_Serial, OtherNote, InsertDate, Note, PersonUnitID, OtherPersonUnitID, OverlapStartDate, Side2Note",53
RetroTerm,PostValidationOI_Centene,"OverlapID, PersonKey, SSN, GroupNumber, GroupName, DOB, ClientCode, ClientName, AMI, SubscriberDOB, OverlapSource, CAQHID, POFQueueID, ClQryID, Score, FirstName, LastName, SubscriberFirstName, SubscriberLastName, SubscriberAMI, SubscriberSSN, SubscriberAddress1, SubscriberAddress2, SubscriberCity, SubscriberState, SubscriberZip, SubscriberPhone, OtherAMI, OtherSubscriberAMI, OtherSSN, OtherFirstName, OtherLastName, OtherDOB, OtherClientCode, OtherGroupName, OtherGroupNumber, OtherSubscriberFirstName, OtherSubscriberLastName, OtherSubscriberDOB, OtherSubscriberSSN, OtherSubscriberAddress1, OtherSubscriberAddress2, OtherSubscriberCity, OtherSubscriberState, OtherSubscriberZip, COBC_Serial, OtherNote, InsertDate, Note, PersonUnitID, OtherPersonUnitID, OverlapStartDate, Side2Note",53
RetroTerm,PostValidationOI_Elixir,"OverlapID, PersonKey, SSN, GroupNumber, GroupName, DOB, ClientCode, ClientName, AMI, SubscriberDOB, OverlapSource, CAQHID, POFQueueID, ClQryID, Score, FirstName, LastName, SubscriberFirstName, SubscriberLastName, SubscriberAMI, SubscriberSSN, SubscriberAddress1, SubscriberAddress2, SubscriberCity, SubscriberState, SubscriberZip, SubscriberPhone, OtherAMI, OtherSubscriberAMI, OtherSSN, OtherFirstName, OtherLastName, OtherDOB, OtherClientCode, OtherGroupName, OtherGroupNumber, OtherSubscriberFirstName, OtherSubscriberLastName, OtherSubscriberDOB, OtherSubscriberSSN, OtherSubscriberAddress1, OtherSubscriberAddress2, OtherSubscriberCity, OtherSubscriberState, OtherSubscriberZip, COBC_Serial, OtherNote, InsertDate, Note, PersonUnitID, OtherPersonUnitID, OverlapStartDate, Side2Note",53
RetroTerm,PostValidationOI_Elixir_test,"OverlapID, PersonKey, SSN, GroupNumber, GroupName, DOB, ClientCode, ClientName, AMI, SubscriberDOB, OverlapSource, CAQHID, POFQueueID, ClQryID, Score, FirstName, LastName, SubscriberFirstName, SubscriberLastName, SubscriberAMI, SubscriberSSN, SubscriberAddress1, SubscriberAddress2, SubscriberCity, SubscriberState, SubscriberZip, SubscriberPhone, OtherAMI, OtherSubscriberAMI, OtherSSN, OtherFirstName, OtherLastName, OtherDOB, OtherClientCode, OtherGroupName, OtherGroupNumber, OtherSubscriberFirstName, OtherSubscriberLastName, OtherSubscriberDOB, OtherSubscriberSSN, OtherSubscriberAddress1, OtherSubscriberAddress2, OtherSubscriberCity, OtherSubscriberState, OtherSubscriberZip, COBC_Serial, OtherNote, InsertDate, Note, PersonUnitID, OtherPersonUnitID, OverlapStartDate, Side2Note",53
RetroTerm,PostValidationOI_Emblem,"OverlapID, PersonKey, SSN, GroupNumber, GroupName, DOB, ClientCode, ClientName, AMI, SubscriberDOB, OverlapSource, CAQHID, POFQueueID, ClQryID, Score, FirstName, LastName, SubscriberFirstName, SubscriberLastName, SubscriberAMI, SubscriberSSN, SubscriberAddress1, SubscriberAddress2, SubscriberCity, SubscriberState, SubscriberZip, SubscriberPhone, OtherAMI, OtherSubscriberAMI, OtherSSN, OtherFirstName, OtherLastName, OtherDOB, OtherClientCode, OtherGroupName, OtherGroupNumber, OtherSubscriberFirstName, OtherSubscriberLastName, OtherSubscriberDOB, OtherSubscriberSSN, OtherSubscriberAddress1, OtherSubscriberAddress2, OtherSubscriberCity, OtherSubscriberState, OtherSubscriberZip, COBC_Serial, OtherNote, InsertDate, Note, PersonUnitID, OtherPersonUnitID, OverlapStartDate, Side2Note",53
RetroTerm,PostValidationOI_Evernorth,"OverlapID, PersonKey, SSN, GroupNumber, GroupName, DOB, ClientCode, ClientName, AMI, SubscriberDOB, OverlapSource, CAQHID, POFQueueID, ClQryID, Score, FirstName, LastName, SubscriberFirstName, SubscriberLastName, SubscriberAMI, SubscriberSSN, SubscriberAddress1, SubscriberAddress2, SubscriberCity, SubscriberState, SubscriberZip, SubscriberPhone, OtherAMI, OtherSubscriberAMI, OtherSSN, OtherFirstName, OtherLastName, OtherDOB, OtherClientCode, OtherGroupName, OtherGroupNumber, OtherSubscriberFirstName, OtherSubscriberLastName, OtherSubscriberDOB, OtherSubscriberSSN, OtherSubscriberAddress1, OtherSubscriberAddress2, OtherSubscriberCity, OtherSubscriberState, OtherSubscriberZip, COBC_Serial, OtherNote, InsertDate, Note, PersonUnitID, OtherPersonUnitID, OverlapStartDate, Side2Note",53
RetroTerm,PostValidationOI_Excellus,"OverlapID, PersonKey, SSN, GroupNumber, GroupName, DOB, ClientCode, ClientName, AMI, SubscriberDOB, OverlapSource, CAQHID, POFQueueID, ClQryID, Score, FirstName, LastName, SubscriberFirstName, SubscriberLastName, SubscriberAMI, SubscriberSSN, SubscriberAddress1, SubscriberAddress2, SubscriberCity, SubscriberState, SubscriberZip, SubscriberPhone, OtherAMI, OtherSubscriberAMI, OtherSSN, OtherFirstName, OtherLastName, OtherDOB, OtherClientCode, OtherGroupName, OtherGroupNumber, OtherSubscriberFirstName, OtherSubscriberLastName, OtherSubscriberDOB, OtherSubscriberSSN, OtherSubscriberAddress1, OtherSubscriberAddress2, OtherSubscriberCity, OtherSubscriberState, OtherSubscriberZip, COBC_Serial, OtherNote, InsertDate, Note, PersonUnitID, OtherPersonUnitID, OverlapStartDate, Side2Note",53
RetroTerm,PostValidationOI_HAP,"OverlapID, PersonKey, SSN, GroupNumber, GroupName, DOB, ClientCode, ClientName, AMI, SubscriberDOB, OverlapSource, CAQHID, POFQueueID, ClQryID, Score, FirstName, LastName, SubscriberFirstName, SubscriberLastName, SubscriberAMI, SubscriberSSN, SubscriberAddress1, SubscriberAddress2, SubscriberCity, SubscriberState, SubscriberZip, SubscriberPhone, OtherAMI, OtherSubscriberAMI, OtherSSN, OtherFirstName, OtherLastName, OtherDOB, OtherClientCode, OtherGroupName, OtherGroupNumber, OtherSubscriberFirstName, OtherSubscriberLastName, OtherSubscriberDOB, OtherSubscriberSSN, OtherSubscriberAddress1, OtherSubscriberAddress2, OtherSubscriberCity, OtherSubscriberState, OtherSubscriberZip, COBC_Serial, OtherNote, InsertDate, Note, PersonUnitID, OtherPersonUnitID, OverlapStartDate, Side2Note",53
RetroTerm,PostValidationOI_NCState,"OverlapID, PersonKey, SSN, GroupNumber, GroupName, DOB, ClientCode, ClientName, AMI, SubscriberDOB, OverlapSource, CAQHID, POFQueueID, ClQryID, Score, FirstName, LastName, SubscriberFirstName, SubscriberLastName, SubscriberAMI, SubscriberSSN, SubscriberAddress1, SubscriberAddress2, SubscriberCity, SubscriberState, SubscriberZip, SubscriberPhone, OtherAMI, OtherSubscriberAMI, OtherSSN, OtherFirstName, OtherLastName, OtherDOB, OtherClientCode, OtherGroupName, OtherGroupNumber, OtherSubscriberFirstName, OtherSubscriberLastName, OtherSubscriberDOB, OtherSubscriberSSN, OtherSubscriberAddress1, OtherSubscriberAddress2, OtherSubscriberCity, OtherSubscriberState, OtherSubscriberZip, COBC_Serial, OtherNote, InsertDate, Note, PersonUnitID, OtherPersonUnitID, OverlapStartDate, Side2Note",53
RetroTerm,PostValidationOI_NYSHIP,"OverlapID, PersonKey, SSN, GroupNumber, GroupName, DOB, ClientCode, ClientName, AMI, SubscriberDOB, OverlapSource, CAQHID, POFQueueID, ClQryID, Score, FirstName, LastName, SubscriberFirstName, SubscriberLastName, SubscriberAMI, SubscriberSSN, SubscriberAddress1, SubscriberAddress2, SubscriberCity, SubscriberState, SubscriberZip, SubscriberPhone, OtherAMI, OtherSubscriberAMI, OtherSSN, OtherFirstName, OtherLastName, OtherDOB, OtherClientCode, OtherGroupName, OtherGroupNumber, OtherSubscriberFirstName, OtherSubscriberLastName, OtherSubscriberDOB, OtherSubscriberSSN, OtherSubscriberAddress1, OtherSubscriberAddress2, OtherSubscriberCity, OtherSubscriberState, OtherSubscriberZip, COBC_Serial, OtherNote, InsertDate, Note, PersonUnitID, OtherPersonUnitID, OverlapStartDate, Side2Note",53
RetroTerm,PostValidationOI_Oscar,"OverlapID, PersonKey, SSN, GroupNumber, GroupName, DOB, ClientCode, ClientName, AMI, SubscriberDOB, OverlapSource, CAQHID, POFQueueID, ClQryID, Score, FirstName, LastName, SubscriberFirstName, SubscriberLastName, SubscriberAMI, SubscriberSSN, SubscriberAddress1, SubscriberAddress2, SubscriberCity, SubscriberState, SubscriberZip, SubscriberPhone, OtherAMI, OtherSubscriberAMI, OtherSSN, OtherFirstName, OtherLastName, OtherDOB, OtherClientCode, OtherGroupName, OtherGroupNumber, OtherSubscriberFirstName, OtherSubscriberLastName, OtherSubscriberDOB, OtherSubscriberSSN, OtherSubscriberAddress1, OtherSubscriberAddress2, OtherSubscriberCity, OtherSubscriberState, OtherSubscriberZip, COBC_Serial, OtherNote, InsertDate, Note, PersonUnitID, OtherPersonUnitID, OverlapStartDate, Side2Note",53
RetroTerm,PostValidationOI_Tufts,"OverlapID, PersonKey, SSN, GroupNumber, GroupName, DOB, ClientCode, ClientName, AMI, SubscriberDOB, OverlapSource, CAQHID, POFQueueID, ClQryID, Score, FirstName, LastName, SubscriberFirstName, SubscriberLastName, SubscriberAMI, SubscriberSSN, SubscriberAddress1, SubscriberAddress2, SubscriberCity, SubscriberState, SubscriberZip, SubscriberPhone, OtherAMI, OtherSubscriberAMI, OtherSSN, OtherFirstName, OtherLastName, OtherDOB, OtherClientCode, OtherGroupName, OtherGroupNumber, OtherSubscriberFirstName, OtherSubscriberLastName, OtherSubscriberDOB, OtherSubscriberSSN, OtherSubscriberAddress1, OtherSubscriberAddress2, OtherSubscriberCity, OtherSubscriberState, OtherSubscriberZip, COBC_Serial, OtherNote, InsertDate, Note, PersonUnitID, OtherPersonUnitID, OverlapStartDate, Side2Note",53
RetroTerm,RxCollectionsBypass,"BypassID, ClientName, ClientKey, FieldName, FieldValue, InsertDateTime, RetroPathID",7
RetroTerm,RxCollectionsBypassPaths,"RetroPathID, PathDescription, InsertDateTime",3
compliance,AetnaInventory_AppDevProduced,"PatientKey, ClientKey, MatchDesc, InvestigationType, MatchedDate",5
compliance,AllClientsInventory_AppDev_ClaimKeys,ClaimKey,1
compliance,AllClientsInventory_AppDev_FinalTable,"Client, InvestigationType, MatchType, MemberCount, ClaimCount, TotalClaimValue",6
compliance,AppDevProduced,"PatientKey, ClientKey, ClientName, InvestigationType, DateProduced",5
compliance,CenteneFidelisInventory_AppDev,"PatientKey, ClaimKey, TotalAmountPaid, MatchDesc, InvestigationType, MatchedDate",6
compliance,CenteneFidelisInventory_AppDevProduced,"PatientKey, ClientKey, MatchDesc, InvestigationType, MatchedDate",5
compliance,CenteneInventory_AppDev,"PatientKey, ClaimKey, TotalAmountPaid, MatchDesc, InvestigationType, MatchedDate",6
compliance,CenteneInventory_AppDevProduced,"PatientKey, ClientKey, MatchDesc, InvestigationType, MatchedDate",5
compliance,CignaInventory_AppDev,"PatientKey, ClaimKey, TotalAmountPaid, MatchDesc, InvestigationType, MatchedDate",6
compliance,CignaInventory_AppDevProduced,"PatientKey, ClientKey, MatchDesc, InvestigationType, MatchedDate",5
compliance,ComplianceProducedRaw,"ProducedDate, Patientkey, Matchname, Client",4
compliance,DMGComplianceInventory,"Client, InvestigationType, MatchType, MemberCount, ClaimCount, TotalClaimValue, TotalExpectedValue",7
compliance,ElevanceInventory_AppDev,"PatientKey, ClaimKey, TotalAmountPaid, MatchDesc, InvestigationType, MatchedDate",6
compliance,ElevanceInventory_AppDevProduced,"PatientKey, ClientKey, MatchDesc, InvestigationType, MatchedDate",5
compliance,ElixirInventory_AppDev,"PatientKey, ClaimKey, TotalAmountPaid, MatchDesc, InvestigationType, MatchedDate",6
compliance,ElixirInventory_AppDevProduced,"PatientKey, ClientKey, MatchDesc, InvestigationType, MatchedDate",5
compliance,ExcellusInventory_AppDev,"PatientKey, ClaimKey, TotalAmountPaid, MatchDesc, InvestigationType, MatchedDate",6
compliance,ExcellusInventory_AppDevProduced,"PatientKey, ClientKey, MatchDesc, InvestigationType, MatchedDate",5
compliance,HealthNowInventory_AppDev,"PatientKey, ClaimKey, TotalAmountPaid, MatchDesc, InvestigationType, MatchedDate",6
compliance,HealthNowInventory_AppDevProduced,"PatientKey, ClientKey, MatchDesc, InvestigationType, MatchedDate",5
compliance,WellcareInventory_AppDev,"PatientKey, ClaimKey, TotalAmountPaid, MatchDesc, InvestigationType, MatchedDate",6
compliance,WellcareInventory_AppDevProduced,"PatientKey, ClientKey, MatchDesc, InvestigationType, MatchedDate",5
productionreport,AllOverlaps,"ClientName, PatientKey, OtherAMI, OtherCarrier, InvestigationDesc, OtherEffectiveDate, OtherTermDate, PaidDollars, Claims, MinDOF, MaxDOF",11
productionreport,CEM_Definition_Level_Inventory,"ClientName, QueryType, PatientKey, OtherAMI, OverlappingWindows, ClosedOverlaps, TotalDollarsInOverlap, TotalExpectedValue, Probability",9
productionreport,IdentifyTermedOverlaps,"OtherEffectiveDateRank, WindowRank, ClientName, PatientKey, OtherAMI, OtherCarrier, InvestigationDesc, OtherEffectiveDate, OtherTermDate, PaidDollars, Claims, MinDOF, MaxDOF, HasTermDate",14
productionreport,MarkClaimsInsideDistinctWindowsWithinCDV,"PatOtherAMIRank, PatientKey, ClientKey, ClientName, OtherCarrier, OtherAMI, OTherGroupName, OtherGroupNumber, OtherBIN, OtherPCN, OtherDivision, OtherAccountName, Note, ID, MatchType, MatchDesc, InvestigationType, InvestigationDesc, ClaimKey, DateFilled, TotalAmountPaid, OtherEffectiveDate, OtherTermDate",23
productionreport,MoveClaimsIntoMostLikelyWindow,"PatOtherAMIRank, PatientKey, ClientKey, ClientName, OtherCarrier, OtherAMI, OTherGroupName, OtherGroupNumber, OtherBIN, OtherPCN, OtherDivision, OtherAccountName, Note, ID, MatchType, MatchDesc, InvestigationType, InvestigationDesc, ClaimKey, DateFilled, TotalAmountPaid, OtherEffectiveDate, OtherTermDate",23
productionreport,ProductionMeeting,"QueryType, ClientName, Patients, OtherInsurers, Overlaps, ClosedOverlaps, TotalMinedDollars, TotalExpectedValue, Probability",9
productionreport,RxSelect_Level_Inventory,"ClientName, QueryType, PatientKey, OtherInsurers, OverlappingWindows, ClosedOverlaps, TotalDollarsPatient, TotalExpectedValue, Probability",9
productionreport,ScoredWindowRanks,"WindowRank, ID, PatientKey, OtherCarrier, OtherBIN, OtherPCN, OtherGroupname, OtherAccountName, OtherEffectiveDate, OtherTermDate, OtherAMI, OtherGroupNumber, ClientKey, Note, SubSSN, OtherDivision, ClientSecondary, IsCEM, ClaimTotal, ExpectedValue, ClientName, InvestigationType, Probability, QueryType, ReadyToLoad, HasTermDate",26
productionreport,WindowRanks,"WindowRank, ClientName, PatientKey, OtherAMI, OtherCarrier, InvestigationDesc, OtherEffectiveDate, OtherTermDate, PaidDollars, Claims, MinDOF, MaxDOF, HasTermDate",13
productionreport,dmgminedinventorypatient_prep,"ID, PatientKey, OtherCarrier, OtherBIN, OtherPCN, OtherGroupname, OtherAccountName, OtherEffectiveDate, OtherTermDate, OtherAMI, OtherGroupNumber, ClientKey, Note, SubSSN, OtherDivision, ClientSecondary, IsCEM, ClaimTotal, ExpectedValue, ClientName, InvestigationType, Probability, QueryType, ReadyToLoad",24
standardized,AetnaInventory_AppDevProduced,"PatientKey, ClientKey, MatchDesc, InvestigationType, MatchedDate, PaidDollars",6
standardized,AppDevProduced,"PatientKey, ClientKey, ClientName, InvestigationType, DateProduced, PaidDollars",6
standardized,CenteneFidelisInventory_AppDevProduced,"PatientKey, ClientKey, MatchDesc, InvestigationType, MatchedDate, PaidDollars",6
standardized,CenteneInventory_AppDevProduced,"PatientKey, ClientKey, MatchDesc, InvestigationType, MatchedDate, PaidDollars",6
standardized,CignaInventory_AppDevProduced,"PatientKey, ClientKey, MatchDesc, InvestigationType, MatchedDate, PaidDollars",6
standardized,ClinicalFullMinedHistory,"ClinicalClient, QueryName, clQryID, PatientID, Iteration, DateLoaded, TotalClaimsMined, PaidClaimDollars",8
standardized,ClinicalMatchReport,"MatchReportID, ReportGeneratedDate, MiningRunDate, DailyMiningRunID, ClientName, InvestigationCategory",6
standardized,ClinicalMiningRunsInProcess,"DayMiningRunID, QueryTrackerLoadDate, QueryTrackerLoadYear, QueryTrackerLoadMonth, clQryId, QryID, ClientName, InvestigationCategory, InvestigationType, ThresholdAmount",10
standardized,ClinicalMiningRunsInProcess_AllWorkableClaims,"DayMiningRunID, QueryTrackerLoadDate, QueryTrackerLoadYear, QueryTrackerLoadMonth, clQryId, QryID, ClientName, InvestigationCategory, InvestigationType, ThresholdAmount, QTInvestigationID, PatientID, Iteration, IsRecapPatient, ClientCode, AssignAud, AssignAudID, AuditID, audDt, audNote1, audBy, fDOS, lDOS, procDt, chargeAmt, paidAmt, clmId",27
standardized,ClinicalMiningRunsInProcess_Investigations,"DayMiningRunID, clQryID, qryId, QueryTrackerLoadDate, ClientName, InvestigationCategory, InvestigationType, IsRecapPatient, QTInvestigationID, PatientID, Iteration, Claims, Dollars, FirstDateOfService, LastDateOfService, FirstPayDate, LastPayDate, ScoredDate, ScoredInvestigation, Probability, Claims_Ingested, PotentialOPAmount, ExpectedValue",23
standardized,ComplianceNetNew,"YearProduced, MonthProduced, ClientName, InvestigationType, NetNewPatients, PaidDollars",6
standardized,ComplianceProduced,"YearProduced, MonthProduced, ClientName, InvestigationType, TotalPatients, PaidDollars",6
standardized,DailyClinicalMatchReports,"ReportGeneratedDate, DayMiningRunID, QueryTrackerLoadDate, clQryID, qryId, ClientName, InvestigationCategory, InvestigationType, NewVsRecap, MinedInvestigations, PaidClaimDollars, WorkableMedicalClaims, ScoredInvestigations, PotentialOPAmount, ExpectedValue, ClaimsIngested_Scoring, AveragedProbabilityScore",17
standardized,DailyClinicalMiningRunSummary,"ReportGeneratedDate, DayMiningRunID, QueryTrackerLoadDate, ClientName, InvestigationCategory, MinedInvestigations, PaidClaimDollars, WorkableMedicalClaims, ScoredInvestigations, PotentialOPAmount, ExpectedValue, ClaimsIngested_Scoring, AveragedProbabilityScore",13
standardized,ElevanceInventory_AppDevProduced,"PatientKey, ClientKey, MatchDesc, InvestigationType, MatchedDate, PaidDollars",6
standardized,ElixirInventory_AppDevProduced,"PatientKey, ClientKey, MatchDesc, InvestigationType, MatchedDate, PaidDollars",6
standardized,ExcellusInventory_AppDevProduced,"PatientKey, ClientKey, MatchDesc, InvestigationType, MatchedDate, PaidDollars",6
standardized,HealthNowInventory_AppDevProduced,"PatientKey, ClientKey, MatchDesc, InvestigationType, MatchedDate, PaidDollars",6
standardized,TRGClinicalProgram,"clQryID, qryID, ClientName, ClientDB, AuditTypeID, AuditName, InvestigationCategory, InvestigationType, ThresholdAmount",9
standardized,TargetedCOB_Scored_Log,"LogID, UnitOfWorkID, DateScored, Claims, ClaimDollars, Primacy_Probability, ExpectedValue, OtherCarrier, OtherAMI, Eligbility_Probability, Combined_Probability",11
standardized,TargetedCOB_Scored_UnitOfWork,"ID, PatientKey, ClientKey, InvestigationTypeId",4
standardized,TargetedNetNew,"YearProduced, MonthProduced, ClientName, InvestigationType, NetNewPatients",5
standardized,TargetedProduced,"YearProduced, MonthProduced, ClientName, InvestigationType, TotalPatients",5
standardized,WellcareInventory_AppDevProduced,"PatientKey, ClientKey, MatchDesc, InvestigationType, MatchedDate, PaidDollars",6
standardized,tblComplianceNetNew,"ClientKey, ClientName, InvestigationTypeId, InvestigationType, DateProduced, FirstProducedDate, PaidDollars, PatientKey",8
standardized,tblTargetedCOBNetNew,"PatientKey, ClientKey, CLientName, InvestigationTypeId, InvestigationType, DateProduced, FirstProducedDate",7
standardized,vwClinicalNetNewPatients_FullHistory,"PatientID, clQryID, Iteration, ClinicalClient, QueryName, DateLoaded, YearProduced, MonthProduced",8
standardized,vwClinicalNetNewScored,"InScoringHistory, LatestIDRecord, LatestScoredHistoryRecordID, DateLoaded, ClinicalClient, QueryName, DateScored, PatientID, clQryID, TotalClaimsMined, Claims, PaidClaimDollars, PotentialOPAmount, Probability, ExpectedValue",15
standardized,vwClinicalNetNewScoredSummary,"ClinicalClient, InvestigationType, clQryID, YearProduced, MonthProduced, TotalMinedPatients, TotalScoredPatients, MinScoreDate, MaxScoreDate, TotalClaimsMined, TotalClaimsScored, PaidClaimDollars, PotentialOPAmount, AverageProbability, ExpectedValue",15
standardized,vwClinicalProducedSummary,"YearProduced, MonthProduced, ClinicalClient, QueryName, NewOrRecap, ProducedInvestigations",6
standardized,vwComplianceNetNewPatients_FullHistory,"PatientKey, ClientKey, InvestigationTypeId, CLientName, InvestigationType, FirstProducedDate, YearProduced, MonthProduced",8
standardized,vwComplianceProducedSummary,"ClientName, InvestigationType, YearProduced, MonthProduced, TotalPatients, NetNew, RecapPatients, TotalDollars, NetNewDollars, RecapDollars",10
standardized,vwTargetedCOBNetNewPatients_FullHistory,"PatientKey, ClientKey, InvestigationTypeId, CLientName, InvestigationType, FirstProducedDate, YearProduced, MonthProduced",8
standardized,vwTargetedCOBNetNewScored,"InScoringHistory, UnitOfWorkID, PatientKey, ClientKey, InvestigationTypeId, FirstProducedDate, MostRecentScoreLogID, DateScored, Claims, ClaimDollars, Primacy_Probability, ExpectedValue, OtherCarrier, OtherAMI",14
standardized,vwTargetedCOBNetNewScoredSummary,"ClientName, InvestigationType, YearProduced, MonthProduced, TotalPatients, MinScoreDate, MaxScoreDate, TotalClaims, ClaimDollars, AveragePrimacyProbability, ExpectedValue",11
standardized,vwTargetedCOBProducedSummary,"ClientName, InvestigationType, YearProduced, MonthProduced, TotalPatients, NetNew, RecapPatients",7
