ym,Client,recovered,n
2025-07,AETNA_CHK,6838.0,4
2025-07,AFC,80363.636363636,1
2025-07,AHP_RX,341421.52,138
2025-07,AHRP_RX,510660.68,260
2025-07,Aetna,3610611.860909091,68
2025-07,Anthem Central,15768.32,2
2025-07,Anthem Commercial Expansion,2474884.36,3
2025-07,Anthem NASCO,2804.74,1
2025-07,Anthem Retro Term Recovery Program,10679.06,1
2025-07,Anthem SE,351252.24,3
2025-07,BCBS GA,266862.27,3
2025-07,BCBS NC,182889.642727273,23
2025-07,BCBSNCF_RX,26132.69,19
2025-07,CEN_RX,350363.44,38
2025-07,Carefirst Commercial,282968.2,2
2025-07,Centene,3004881.994545455,8
2025-07,Centene Fidelis,71334.15,2
2025-07,Cigna,2000036.363636364,2
2025-07,EMBFAC_RX,74051.81,9
2025-07,Elevance,384045.454545455,1
2025-07,Elixir,5795.454545455,1
2025-07,Elixir Insurance,109343.75,15
2025-07,EmblemHealth,200782.04,33
2025-07,Empire,8087.92,3
2025-07,Excellus,106821.912727273,10
2025-07,GHI_RX,972999.32,68
2025-07,HIP_RX,221834.96,34
2025-07,HNA_RX,14857.42,4
2025-07,HSS_RX,21872.81,7
2025-07,Health Alliance Plan,18598.16,8
2025-07,HealthSpring,2165707.28,34
2025-07,MMOH_RX,16229.26,5
2025-07,NY State Health Insurance Plan,82099.79,7
2025-07,NYSHIP,132575.772727273,1
2025-07,OSC_RX,2160.2,1
2025-07,Premera,1665.25,1
2025-07,Tufts,131120.31,4
2025-07,Wellcare,4391280.24,6
2025-07,Wellpoint Part D,681914.06,6
2025-08,AETNA_CHK,5471.82,6
2025-08,AHP_RX,593815.13,233
2025-08,AHRP_RX,274956.3,142
2025-08,Aetna,3004908.747272727,52
2025-08,Anthem Central,28337.09,1
2025-08,Anthem Commercial Expansion,1507101.79,3
2025-08,Anthem Retro Term Recovery Program,19388.32,1
2025-08,Anthem SE,159258.2,2
2025-08,BCBS GA,132660.53,2
2025-08,BCBS NC,445927.697272727,32
2025-08,BCBS NC State,1498.86,1
2025-08,BCBSNCF_RX,62183.71,29
2025-08,CEN_RX,118843.82,12
2025-08,Carefirst Commercial,208876.32,2
2025-08,Centene,2358801.276363636,8
2025-08,Centene Fidelis,105008.78,3
2025-08,Elevance,853477.272727273,1
2025-08,Elixir,22409.090909091,2
2025-08,Elixir Insurance,127790.26,16
2025-08,EmblemHealth,176745.07,31
2025-08,Empire,11715.05,2
2025-08,Excellus,46700.22,9
2025-08,GHI_RX,200875.78,28
2025-08,HIP_RX,117495.76,22
2025-08,Health Alliance Plan,3223.16,5
2025-08,HealthSpring,1442306.46,26
2025-08,Medical Mutual of Ohio,498.5,2
2025-08,NY State Health Insurance Plan,261148.25,4
2025-08,NYSHIP,132575.772727273,1
2025-08,OSCAR,838072.29,5
2025-08,OSC_RX,7674.87,6
2025-08,Tufts,75716.85,7
2025-08,WellPoint Part D,4636.363636364,1
2025-08,Wellcare,4399160.23,6
2025-08,Wellpoint Part D,290728.95,6
2025-09,AETNA_CHK,139.15,2
2025-09,AHP_RX,456215.25,163
2025-09,AHRP_RX,440059.56,279
2025-09,Aetna,3707454.327272727,54
2025-09,Anthem Central,27678.7,2
2025-09,Anthem Commercial Expansion,1197219.22,3
2025-09,Anthem Retro Term Recovery Program,2858.75,1
2025-09,Anthem SE,169413.95,2
2025-09,BCBS GA,90833.62,2
2025-09,BCBS NC,461147.340909091,26
2025-09,BCBS NC State,673.81,1
2025-09,BCBSNCF_RX,7237.58,4
2025-09,BlueCross BlueShield South Carolina,14408.23,1
2025-09,Carefirst Commercial,338769.21,2
2025-09,Centene,3814734.033636364,8
2025-09,Centene Fidelis,222860.95,3
2025-09,Cigna,711022.727272727,1
2025-09,Elevance,161113.636363636,1
2025-09,Elixir Insurance,332287.94,15
2025-09,EmblemHealth,64239.04,21
2025-09,Empire,2423.84,2
2025-09,EverNorth,17350.66,2
2025-09,Evernorth,26947.454545455,1
2025-09,Excellus,47778.878181818,8
2025-09,GHI_RX,127543.42,57
2025-09,HIP_RX,69341.74,6
2025-09,HSS_RX,28146.98,3
2025-09,Health Alliance Plan,22776.6,8
2025-09,HealthNow,2704.545454545,1
2025-09,HealthSpring,1809015.44,25
2025-09,Medical Mutual of Ohio,5943.57,1
2025-09,NY State Health Insurance Plan,42741.43,7
2025-09,OSCAR,297599.43,3
2025-09,OSC_RX,12046.96,9
2025-09,Premera,1615.31,1
2025-09,Tufts,823.26,1
2025-09,Wellcare,4734157.94,6
2025-09,Wellpoint Part D,595036.06,4
2025-10,AETNA_CHK,2527.72,3
2025-10,AHP_RX,510891.4,217
2025-10,AHRP_RX,690169.29,415
2025-10,Aetna,3361130.605454545,60
2025-10,Anthem Central,26389.01,2
2025-10,Anthem Commercial Expansion,1725361.85,3
2025-10,Anthem Retro Term Recovery Program,2059.77,1
2025-10,Anthem SE,127916.97,2
2025-10,BCBS GA,234088.15,2
2025-10,BCBS NC,141447.65,26
2025-10,BCBS NC State,769.97,2
2025-10,BCBSNC,92727.272727273,1
2025-10,BCBSNCF_RX,-3480.0,1
2025-10,BlueCross BlueShield South Carolina,356816.78,4
2025-10,CEN_RX,104069.52,15
2025-10,Carefirst Commercial,189225.74,2
2025-10,Centene,3488294.102727273,8
2025-10,Centene Fidelis,155838.46,3
2025-10,Cigna,699418.181818182,1
2025-10,Elevance,977886.363636364,1
2025-10,Elixir,-1159.090909091,1
2025-10,Elixir Insurance,71363.95,12
2025-10,EmblemHealth,450584.48,28
2025-10,Empire,79134.15,2
2025-10,EverNorth,1788555.33,4
2025-10,Evernorth,26910.181818182,1
2025-10,Excellus,115232.198181818,11
2025-10,GHI_RX,105120.0,8
2025-10,HSS_RX,2542.81,2
2025-10,Health Alliance Plan,53004.66,8
2025-10,HealthSpring,1824865.22,35
2025-10,MMOH_RX,7297.11,5
2025-10,Medical Mutual of Ohio,63.26,2
2025-10,NY State Health Insurance Plan,107858.02,7
2025-10,NYSHIP,132575.772727273,1
2025-10,OSCAR,85604.71,2
2025-10,OSC_RX,92051.96,15
2025-10,Tufts,40027.41,2
2025-10,Wellcare,3729439.01,7
2025-10,Wellpoint Part D,553403.51,4
2025-11,AETNA_CHK,258.0,2
2025-11,AFC,100454.545454545,1
2025-11,AHP_RX,499849.98,190
2025-11,AHRP_RX,617220.15,415
2025-11,Aetna,2481932.825454545,36
2025-11,Anthem Central,9682.41,2
2025-11,Anthem Commercial Expansion,1143534.06,3
2025-11,Anthem Retro Term Recovery Program,0.1,1
2025-11,Anthem SE,118580.05,2
2025-11,BCBS GA,168722.43,2
2025-11,BCBS NC,312594.693636364,24
2025-11,BCBSNCF_RX,27852.42,10
2025-11,BlueCross BlueShield South Carolina,767917.45,5
2025-11,CEN_RX,237806.52,42
2025-11,Carefirst Commercial,428812.88,2
2025-11,Centene,4106367.240909091,7
2025-11,Centene Fidelis,104836.63,3
2025-11,Cigna,556909.090909091,1
2025-11,Elevance,1609590.909090909,1
2025-11,Elixir,-1931.818181818,1
2025-11,Elixir Insurance,34450.56,7
2025-11,EmblemHealth,117366.42,20
2025-11,Empire,124975.58,2
2025-11,Excellus,141681.655454545,26
2025-11,GHI_RX,277989.0,21
2025-11,HAP_RX,1058.47,1
2025-11,Health Alliance Plan,-2365.47,2
2025-11,HealthSpring,1832622.83,21
2025-11,NY State Health Insurance Plan,76367.07,4
2025-11,NYSHIP,132575.772727273,1
2025-11,OSCAR,47755.6,2
2025-11,Tufts,-22253.89,5
2025-11,Wellcare,4967667.88,6
2025-11,Wellpoint Part D,549335.56,6
2025-12,AETNA_CHK,1955.42,5
2025-12,AHP_RX,989376.38,338
2025-12,AHP_RX ,1317.73,1
2025-12,AHRP_RX,477063.26,371
2025-12,Aetna,3186769.950909091,44
2025-12,Anthem Central,2818.56,2
2025-12,Anthem Commercial Expansion,1337359.25,3
2025-12,Anthem NASCO,536.68,1
2025-12,Anthem Retro Term Recovery Program,819.06,1
2025-12,Anthem SE,271172.94,2
2025-12,BCBS GA,95457.64,2
2025-12,BCBS NC,367708.796363636,32
2025-12,BCBS NC State,164.43,1
2025-12,BCBSNCF_RX,1537.79,3
2025-12,BCBSNC_RX,1539.79,1
2025-12,BlueCross BlueShield South Carolina,626541.58,7
2025-12,CEN_RX,-16719.51,1
2025-12,Carefirst Commercial,149610.67,2
2025-12,Centene,7600214.227272727,14
2025-12,Centene Fidelis,276099.61,5
2025-12,Cigna,374636.363636364,1
2025-12,EMBFAC_RX,21254.43,11
2025-12,Elevance,1665227.272727273,1
2025-12,Elixir,-1545.454545455,1
2025-12,Elixir Insurance,14516.26,2
2025-12,EmblemHealth,69324.75,23
2025-12,Empire,172535.18,2
2025-12,Excellus,150384.427272727,22
2025-12,GHI_RX,34723.2,1
2025-12,HNA_RX,9969.78,3
2025-12,Health Alliance Plan,19329.91,2
2025-12,HealthSpring,1845791.52,29
2025-12,MMOH_RX,3662.0,2
2025-12,Medical Mutual of Ohio,20041.63,1
2025-12,NY State Health Insurance Plan,335952.17,9
2025-12,NYSHIP,132575.772727273,1
2025-12,OSCAR,219592.48,5
2025-12,OSC_RX,11623.62,7
2025-12,Tufts,3333.57,2
2025-12,Wellcare,7929837.25,5
2025-12,Wellpoint Part D,777213.65,4
2026-01,AETNA_CHK,1235.62,4
2026-01,AFC,122477.272727273,1
2026-01,AHP_RX,509957.04,236
2026-01,AHRP_RX,643823.21,386
2026-01,Aetna,2891567.346363636,55
2026-01,Anthem Central,5202.71,1
2026-01,Anthem Commercial Expansion,1440955.29,2
2026-01,Anthem Retro Term Recovery Program,1111.12,1
2026-01,Anthem SE,156626.54,2
2026-01,BCBS GA,110334.38,2
2026-01,BCBS NC,368126.525454545,32
2026-01,BCBSNCF_RX,16826.26,18
2026-01,BlueCross BlueShield South Carolina,152772.92,3
2026-01,CEN_RX,179486.31,70
2026-01,Carefirst Commercial,109538.26,2
2026-01,Cigna,609340.909090909,2
2026-01,Elevance,348113.636363636,1
2026-01,Elixir,-772.727272727,1
2026-01,Elixir Insurance,32962.97,8
2026-01,EmblemHealth,151253.22,17
2026-01,Empire,150947.69,2
2026-01,Excellus,192525.158181818,27
2026-01,GHI_RX,301173.83,27
2026-01,HIP_RX,324972.41,31
2026-01,HSS_RX,1193.9,1
2026-01,Health Alliance Plan,63661.05,4
2026-01,HealthSpring,2239840.03,33
2026-01,Medical Mutual of Ohio,3607.96,2
2026-01,NY State Health Insurance Plan,209463.9,8
2026-01,NYSHIP,265151.545454545,1
2026-01,OSCAR,169964.26,4
2026-01,OSC_RX,52054.55,7
2026-01,Tufts,5805.09,6
2026-01,Wellpoint Part D,1741629.45,5
2026-02,AETNA_CHK,6739.88,4
2026-02,AHP_RX,902978.51,311
2026-02,AHRP_RX,503499.35,224
2026-02,Aetna,3889891.522727273,52
2026-02,Anthem Central,5379.53,1
2026-02,Anthem Commercial Expansion,924444.59,3
2026-02,Anthem Retro Term Recovery Program,150.0,1
2026-02,Anthem SE,302430.39,2
2026-02,BCBS GA,103789.19,2
2026-02,BCBS NC,311952.958181818,37
2026-02,BCBSNCF_RX,31450.34,8
2026-02,BlueCross BlueShield South Carolina,139957.18,8
2026-02,Carefirst Commercial,62888.29,2
2026-02,Centene,856977.209090909,3
2026-02,Centene Fidelis,13834.12,1
2026-02,Cigna,219477.272727273,1
2026-02,EMBFAC_RX,77655.49,24
2026-02,Elevance,387909.090909091,1
2026-02,Elixir Insurance,128887.79,7
2026-02,EmblemHealth,67958.4,22
2026-02,Empire,83073.85,2
2026-02,Excellus,127414.8,29
2026-02,GHI_RX,258259.74,16
2026-02,HIP_RX,45007.32,3
2026-02,HSS_RX,2347.07,2
2026-02,Health Alliance Plan,14533.45,5
2026-02,HealthSpring,2336517.38,32
2026-02,MMOH_RX,2707.55,2
2026-02,Medical Mutual of Ohio,14426.2,2
2026-02,NY State Health Insurance Plan,358558.51,11
2026-02,NYSHIP,132575.772727273,1
2026-02,OSCAR,231832.53,5
2026-02,OSC_RX,15157.53,10
2026-02,Premera,900.61,1
2026-02,Tufts,-14286.12,3
2026-02,Wellcare,3887555.87,4
2026-02,Wellpoint Part D,910178.98,3
2026-03,AETNA_CHK,2990.74,17
2026-03,AHP_RX,386561.77,197
2026-03,AHP_RX ,-988.29,1
2026-03,AHRP_RX,666262.99,268
2026-03,Aetna,4732529.721818182,57
2026-03,Anthem Central,10183.65,2
2026-03,Anthem Commercial Expansion,1154264.58,2
2026-03,Anthem Retro Term Recovery Program,1223.11,1
2026-03,Anthem SE,31117.18,2
2026-03,BCBS GA,132141.01,2
2026-03,BCBS NC,486783.020909091,48
2026-03,BlueCross BlueShield South Carolina,154437.17,7
2026-03,CEN_RX,1171878.89,219
2026-03,Carefirst Commercial,233881.01,2
2026-03,Centene,4016773.529090909,8
2026-03,Centene Fidelis,271101.2,3
2026-03,Cigna,477954.545454545,1
2026-03,Elevance,893659.090909091,1
2026-03,Elixir,-2704.545454545,1
2026-03,Elixir Insurance,52748.17,7
2026-03,EmblemHealth,255545.2,27
2026-03,Empire,104947.65,2
2026-03,Excellus,169533.620909091,29
2026-03,HIP_RX,8671.47,3
2026-03,HSS_RX,2536.4,2
2026-03,Health Alliance Plan,7578.32,3
2026-03,HealthSpring,3558902.26,35
2026-03,Medical Mutual of Ohio,8344.63,6
2026-03,NY State Health Insurance Plan,285299.08,17
2026-03,NYSHIP,132575.772727273,1
2026-03,OSCAR,94320.61,2
2026-03,OSC_RX,19882.77,8
2026-03,Tufts,85316.54,7
2026-03,Wellcare,3378354.08,4
2026-03,Wellpoint Part D,599396.23,3
2026-04,AETNA_CHK,6240.21,8
2026-04,AHP_RX,837111.3,284
2026-04,AHP_RX ,219.62,1
2026-04,AHRP_RX,192401.52,132
2026-04,Aetna,3155293.626363636,68
2026-04,Anthem Central,3269.25,1
2026-04,Anthem Commercial Expansion,759757.76,3
2026-04,Anthem Retro Term Recovery Program,150.0,1
2026-04,Anthem SE,223182.98,2
2026-04,BCBS GA,33755.41,2
2026-04,BCBS NC,327572.309090909,41
2026-04,BCBSNCF_RX,17779.43,14
2026-04,BlueCross BlueShield South Carolina,108464.56,9
2026-04,Carefirst Commercial,601484.13,5
2026-04,Centene,4990853.51,8
2026-04,Centene Fidelis,10296.58,2
2026-04,Elevance,382613.636363636,1
2026-04,Elixir,-386.363636364,1
2026-04,Elixir Insurance,81223.18,6
2026-04,EmblemHealth,113157.02,28
2026-04,Empire,62325.34,2
2026-04,EverNorth,1338979.95,2
2026-04,Evernorth,2473065.227272727,1
2026-04,Excellus,61983.18,23
2026-04,GHI_RX,34890.23,1
2026-04,HAP_RX,9253.0,4
2026-04,HSS_RX,2880.91,2
2026-04,Health Alliance Plan,53408.6,9
2026-04,HealthSpring,1514600.66,34
2026-04,Medical Mutual of Ohio,2327.08,2
2026-04,NY State Health Insurance Plan,205395.02,16
2026-04,NYSHIP,132575.772727273,1
2026-04,OSCAR,85069.05,3
2026-04,OSC_RX,7377.97,2
2026-04,Tufts,35546.8,5
2026-04,Wellcare,4385887.33,3
2026-04,Wellpoint Part D,364684.23,2
2026-05,AETNA_CHK,29669.78,12
2026-05,AHP_RX,453517.78,210
2026-05,AHRP_RX,211327.58,151
2026-05,ASH,514.96,3
2026-05,Aetna,2616443.425454545,55
2026-05,Anthem Central,597.02,2
2026-05,Anthem Commercial Expansion,1529108.46,3
2026-05,Anthem Retro Term Recovery Program,200.0,1
2026-05,Anthem SE,190421.04,2
2026-05,BCBS GA,82457.99,2
2026-05,BCBS NC,504000.890909091,39
2026-05,BCBSNCF_RX,24390.91,9
2026-05,BlueCross BlueShield South Carolina,182366.56,6
2026-05,Centene,2015995.341818182,6
2026-05,Centene Fidelis,71330.95,4
2026-05,Cigna,2474904.545454545,2
2026-05,EMBFAC_RX,17125.99,11
2026-05,Elevance,270954.545454545,1
2026-05,Elixir,-772.727272727,1
2026-05,Elixir Insurance,26982.54,6
2026-05,EmblemHealth,70059.25,19
2026-05,Empire,92853.16,3
2026-05,Excellus,14986.333636364,20
2026-05,GHI_RX,98340.19,36
2026-05,Health Alliance Plan,18125.23,7
2026-05,HealthSpring,1245843.95,28
2026-05,MMOH_RX,2563.52,3
2026-05,Medical Mutual of Ohio,3997.42,3
2026-05,NY State Health Insurance Plan,78854.86,11
2026-05,NYSHIP,132575.772727273,1
2026-05,OSCAR,702725.91,6
2026-05,OSC_RX,60237.04,15
2026-05,Tufts,12552.57,3
2026-05,Wellcare,6897423.11,3
2026-05,Wellpoint Part D,487093.01,4
2026-06,AETNA_CHK,9829.01,10
2026-06,AHP_RX,539342.07,245
2026-06,AHP_RX ,394.0,4
2026-06,AHRP_RX,267240.85,152
2026-06,ASH,6663.03,1
2026-06,Aetna,3684637.208181818,64
2026-06,Anthem Central,25395.37,2
2026-06,Anthem Commercial Expansion,1757551.11,2
2026-06,Anthem Retro Term Recovery Program,590.98,1
2026-06,Anthem SE,288127.31,2
2026-06,Arkansas Blue,32007.86,1
2026-06,BCBS GA,146541.78,2
2026-06,BCBS NC,168345.94,38
2026-06,BCBSNCF_RX,12354.69,9
2026-06,BlueCross BlueShield South Carolina,10359.42,5
2026-06,Carefirst Commercial,145312.2,2
2026-06,Centene,5953882.237272727,6
2026-06,Centene Fidelis,35684.86,2
2026-06,EMBFAC_RX,1526.5,2
2026-06,Elevance,396659.090909091,1
2026-06,Elixir Insurance,5796.97,3
2026-06,EmblemHealth,204264.57,25
2026-06,Empire,205654.96,2
2026-06,EverNorth,3294310.43,5
2026-06,Evernorth,2315351.909090909,1
2026-06,Excellus,258576.467272727,28
2026-06,GHI_RX,28065.47,11
2026-06,HAP_RX,2157.22,1
2026-06,HNA_RX,25769.4,2
2026-06,Health Alliance Plan,113670.08,10
2026-06,HealthSpring,2655239.0,37
2026-06,Medical Mutual of Ohio,4393.22,4
2026-06,NY State Health Insurance Plan,478682.29,15
2026-06,NYSHIP,132575.772727273,1
2026-06,OSCAR,394812.44,3
2026-06,OSC_RX,134920.6,12
2026-06,Tufts,90861.95,3
2026-06,Wellcare,4488493.3,4
2026-06,Wellpoint Part D,834913.45,4
2026-07,AETNA_CHK,537.16,4
2026-07,AHP_RX,965306.65,332
2026-07,AHRP_RX,257611.57,145
2026-07,ASH,117.8,1
2026-07,Aetna,2899535.593636364,54
2026-07,Anthem Central,13993.14,1
2026-07,Anthem Commercial Expansion,1121072.97,3
2026-07,Anthem Retro Term Recovery Program,150.0,1
2026-07,Anthem SE,265123.64,2
2026-07,Arkansas Blue,31794.25,6
2026-07,BCBS GA,135014.91,2
2026-07,BCBS NC,1026212.621818182,38
2026-07,BCBSNCF_RX,25093.81,10
2026-07,BlueCross BlueShield South Carolina,52999.35,6
2026-07,Carefirst Commercial,492890.45,4
2026-07,Centene,5668785.358181818,9
2026-07,Centene Fidelis,133927.57,5
2026-07,Cigna,1523936.363636364,2
2026-07,EMBFAC_RX,6657.6,4
2026-07,Elevance,-118431.818181819,2
2026-07,Elixir,-386.363636364,1
2026-07,Elixir Insurance,42097.56,5
2026-07,EmblemHealth,228088.65,29
2026-07,Empire,151319.83,2
2026-07,EverNorth,247081.35,2
2026-07,Evernorth,1388480.136363636,1
2026-07,Excellus,121389.46,26
2026-07,GHI_RX,64309.57,24
2026-07,HAP_RX,31409.97,23
2026-07,HNA_RX,53021.42,9
2026-07,Health Alliance Plan,40455.7,14
2026-07,HealthSpring,1937776.9,32
2026-07,MMOH_RX,1750.0,1
2026-07,Medical Mutual of Ohio,-2422.88,2
2026-07,NY State Health Insurance Plan,53646.15,13
2026-07,NYSHIP,132575.772727273,1
2026-07,OSCAR,254522.69,3
2026-07,OSC_RX,15598.64,4
2026-07,Tufts,44678.02,4
2026-07,Wellcare,6534179.85,4
2026-07,Wellpoint Part D,592577.8,2
2026-08,AETNA_CHK,2774.11,10
2026-08,AFC,116590.909090909,1
2026-08,AHP_RX,509680.61,221
2026-08,AHP_RX ,98.5,1
2026-08,AHRP_RX,367880.53,192
2026-08,ASH,7742.37,1
2026-08,Aetna,2371236.377272727,53
2026-08,Anthem Central,78218.23,2
2026-08,Anthem Commercial Expansion,1323588.14,3
2026-08,Anthem Retro Term Recovery Program,150.0,1
2026-08,Anthem SE,253085.52,2
2026-08,Arkansas Blue,3239.03,9
2026-08,BCBS GA,113511.17,2
2026-08,BCBS NC,309633.125454545,34
2026-08,BCBSNCF_RX,34535.58,14
2026-08,BlueCross BlueShield South Carolina,18430.8,6
2026-08,Carefirst Commercial,195773.56,3
2026-08,Centene,6500323.944545455,8
2026-08,Centene Fidelis,92144.27,2
2026-08,Cigna,157727.272727273,1
2026-08,Elevance,22227.272727273,1
2026-08,Elixir,-1159.090909091,1
2026-08,Elixir Insurance,11673.96,5
2026-08,EmblemHealth,64957.24,17
2026-08,Empire,209658.6,2
2026-08,EverNorth,265408.18,3
2026-08,Evernorth,1377945.136363636,1
2026-08,Excellus,65921.848181818,23
2026-08,GHI_RX,156702.45,24
2026-08,HAP_RX,18166.44,7
2026-08,HIP_RX,5996.6,2
2026-08,HSS_RX,4448.84,2
2026-08,Health Alliance Plan,13048.26,8
2026-08,HealthSpring,1536729.48,31
2026-08,MMOH_RX,3099.54,2
2026-08,Medical Mutual of Ohio,198.92,2
2026-08,NY State Health Insurance Plan,676339.08,11
2026-08,NYSHIP,132575.772727273,1
2026-08,OSCAR,417564.74,5
2026-08,OSC_RX,16852.81,10
2026-08,Tufts,49017.72,7
2026-08,Wellcare,9194126.97,4
2026-08,Wellpoint Part D,1104579.67,7
2026-09,AHP_RX,83289.29,39
2026-09,AHRP_RX,2276.35,4
2026-09,Aetna,544683.16,8
2026-09,BCBS NC,108342.58,6
2026-09,BlueCross BlueShield South Carolina,13132.27,2
2026-09,EmblemHealth,8282.67,5
2026-09,Excellus,2575.48,4
2026-09,HealthSpring,363391.43,6
2026-09,MMOH_RX,8660.05,3
2026-09,NY State Health Insurance Plan,4343.77,1
2026-09,OSC_RX,8829.81,3
2026-09,Tufts,9880.02,1
