ym,InvestigationType,recovered,n
2025-07,Auto/No Fault Primary to Part D,12.37,1
2025-07,COBC OI Primary to Part D,9714464.22,46
2025-07,Converted Compliance Fee,4047225.772727275,10
2025-07,ESRD Primary to Part D,600.03,6
2025-07,Hospice Primary to Part D,44874.74,36
2025-07,LTI Primary to Part D,18307.85,1
2025-07,MC Part D Secondary,53166.18,14
2025-07,Medicaid Not Primary,941257.17,6
2025-07,OI Prime,3918983.95,49
2025-07,Part D Primary to Commercial,135107.86,7
2025-07,Post Term,1881512.02,53
2025-07,RxMedical,2559422.11,587
2025-07,TPL Primary to Part D,19064.53,18
2025-07,Workers Comp Primary to Part D,597.54,2
2025-08,Auto/No Fault Primary to Part D,603.82,2
2025-08,COBC OI Primary to Part D,7776286.61,52
2025-08,Converted Compliance Fee,2592257.590909091,8
2025-08,ESRD Primary to Part D,1802.4,1
2025-08,Hospice Primary to Part D,139194.88,27
2025-08,LTI Primary to Part D,7173.48,1
2025-08,MC Part D Secondary,58635.29,14
2025-08,Medicaid Not Primary,464635.33,5
2025-08,OI Prime,3556356.13,44
2025-08,Part D Primary to Commercial,292256.79,11
2025-08,Post Term,1755350.17,56
2025-08,RxMedical,1381317.19,478
2025-08,TPL Primary to Part D,13586.4,9
2025-08,Workers Comp Primary to Part D,532.51,1
2025-09,COBC OI Primary to Part D,9145781.11,44
2025-09,Converted Compliance Fee,3648038.363636363,8
2025-09,ESRD Primary to Part D,86.28,2
2025-09,Hospice Primary to Part D,133566.96,30
2025-09,LTI Primary to Part D,5059.41,1
2025-09,MC Part D Secondary,26975.15,12
2025-09,Medicaid Not Primary,1224530.38,5
2025-09,OI Prime,2279803.62,34
2025-09,Part D Primary to Commercial,698675.48,8
2025-09,Post Term,1731053.64,51
2025-09,RxMedical,1140730.64,523
2025-09,TPL Primary to Part D,29458.28,15
2025-09,Workers Comp Primary to Part D,601.23,3
2025-10,Auto/No Fault Primary to Part D,35.18,3
2025-10,COBC OI Primary to Part D,9123079.9,45
2025-10,Converted Compliance Fee,3778472.318181819,10
2025-10,ESRD Primary to Part D,384.48,2
2025-10,Hospice Primary to Part D,151719.84,32
2025-10,LTI Primary to Part D,967.43,1
2025-10,MC Part D Secondary,301178.17,12
2025-10,Medicaid Not Primary,2142222.6,13
2025-10,OI Prime,3414570.31,47
2025-10,Part D Primary to Commercial,282990.45,7
2025-10,Post Term,1435190.63,54
2025-10,RxMedical,1511189.81,681
2025-10,TPL Primary to Part D,4943.42,16
2025-10,Workers Comp Primary to Part D,1078.92,3
2025-11,Auto/No Fault Primary to Part D,65.76,2
2025-11,COBC OI Primary to Part D,8403951.48,39
2025-11,Converted Compliance Fee,4368553.045454545,9
2025-11,Hospice Primary to Part D,104036.92,24
2025-11,LTI Primary to Part D,331.79,1
2025-11,MC Part D Secondary,-55552.48,7
2025-11,Medicaid Not Primary,3642322.02,10
2025-11,OI Prime,1629180.83,38
2025-11,Part D Primary to Commercial,393577.97,6
2025-11,Post Term,1404343.35,48
2025-11,RxMedical,1662034.54,681
2025-11,TPL Primary to Part D,17371.67,8
2025-11,Workers Comp Primary to Part D,0.71,1
2025-12,Auto/No Fault Primary to Part D,91.69,1
2025-12,COBC OI Primary to Part D,12438497.15,36
2025-12,Converted Compliance Fee,5462462.136363636,8
2025-12,ESRD Primary to Part D,104.3,1
2025-12,Hospice Primary to Part D,398222.72,33
2025-12,LTI Primary to Part D,34.68,2
2025-12,MC Part D Secondary,204659.2,11
2025-12,Medicaid Not Primary,4423210.93,14
2025-12,OI Prime,3076276.17,39
2025-12,Part D Primary to Commercial,155406.82,8
2025-12,Post Term,1473822.79,56
2025-12,RxMedical,1537303.89,744
2025-12,TPL Primary to Part D,10125.76,15
2025-12,Workers Comp Primary to Part D,1105.8,2
2026-01,Auto/No Fault Primary to Part D,8.06,1
2026-01,COBC OI Primary to Part D,5391800.0,53
2026-01,Converted Compliance Fee,2243810.636363635,9
2026-01,ESRD Primary to Part D,192.95,2
2026-01,Hospice Primary to Part D,37834.51,30
2026-01,MC Part D Secondary,100677.14,11
2026-01,Medicaid Not Primary,156035.27,4
2026-01,OI Prime,2147655.74,40
2026-01,Part D Primary to Commercial,37021.47,4
2026-01,Post Term,1423801.08,57
2026-01,RxMedical,2030723.13,780
2026-01,TPL Primary to Part D,3369.65,11
2026-02,Auto/No Fault Primary to Part D,151.25,1
2026-02,COBC OI Primary to Part D,9089757.2,47
2026-02,Converted Compliance Fee,2149212.136363637,6
2026-02,Hospice Primary to Part D,90813.55,31
2026-02,LTI Primary to Part D,682.54,1
2026-02,MC Part D Secondary,63644.98,14
2026-02,Medicaid Not Primary,143292.06,9
2026-02,OI Prime,2462697.1,55
2026-02,Part D Primary to Commercial,78364.7,4
2026-02,Post Term,1413269.24,52
2026-02,RxMedical,1845802.78,604
2026-02,TPL Primary to Part D,6774.78,20
2026-02,Workers Comp Primary to Part D,549.83,1
2026-03,COBC OI Primary to Part D,9827870.68,62
2026-03,Converted Compliance Fee,3065962.136363637,9
2026-03,Hospice Primary to Part D,147941.58,32
2026-03,LTI Primary to Part D,55.46,1
2026-03,MC Part D Secondary,94293.39,17
2026-03,Medicaid Not Primary,2919936.59,10
2026-03,OI Prime,3415456.27,75
2026-03,Part D Primary to Commercial,220320.0,4
2026-03,Post Term,1611780.07,53
2026-03,RxMedical,2257796.74,715
2026-03,TPL Primary to Part D,22590.26,17
2026-04,COBC OI Primary to Part D,8797355.5,48
2026-04,Converted Compliance Fee,4770572.818181817,7
2026-04,Hospice Primary to Part D,132794.05,34
2026-04,MC Part D Secondary,139129.56,21
2026-04,Medicaid Not Primary,3378328.17,13
2026-04,OI Prime,2321036.77,60
2026-04,Part D Primary to Commercial,589270.36,17
2026-04,Post Term,1362110.2,62
2026-04,RxMedical,1108154.19,448
2026-04,TPL Primary to Part D,14216.23,17
2026-04,Workers Comp Primary to Part D,1722.17,2
2026-05,COBC OI Primary to Part D,9890398.54,41
2026-05,Converted Compliance Fee,4476230.318181818,9
2026-05,Hospice Primary to Part D,157297.21,34
2026-05,MC Part D Secondary,-31621.27,14
2026-05,Medicaid Not Primary,251933.48,9
2026-05,OI Prime,2929445.09,50
2026-05,Part D Primary to Commercial,314071.06,13
2026-05,Post Term,1729097.34,54
2026-05,RxMedical,897687.75,450
2026-05,TPL Primary to Part D,4743.23,12
2026-05,Workers Comp Primary to Part D,486.16,2
2026-06,COBC OI Primary to Part D,12531925.15,45
2026-06,Converted Compliance Fee,5308564.045454545,8
2026-06,ESRD Primary to Part D,7026.97,6
2026-06,Hospice Primary to Part D,288294.35,33
2026-06,MC Part D Secondary,198103.63,22
2026-06,Medicaid Not Primary,2803776.76,7
2026-06,OI Prime,4899737.16,62
2026-06,Part D Primary to Commercial,262082.15,16
2026-06,Post Term,1813530.67,56
2026-06,RxMedical,1028262.84,449
2026-06,TPL Primary to Part D,9065.13,17
2026-06,Workers Comp Primary to Part D,586.16,1
2026-07,COBC OI Primary to Part D,10506485.85,52
2026-07,Converted Compliance Fee,6406810.454545454,10
2026-07,ESRD Primary to Part D,14.55,1
2026-07,Hospice Primary to Part D,123491.14,32
2026-07,MC Part D Secondary,63231.65,20
2026-07,Medicaid Not Primary,1714028.5,11
2026-07,OI Prime,3459459.67,60
2026-07,Part D Primary to Commercial,1091262.71,18
2026-07,Post Term,1638284.03,55
2026-07,RxMedical,1421414.19,557
2026-07,TPL Primary to Part D,9410.31,16
2026-07,Workers Comp Primary to Part D,586.16,1
2026-08,COBC OI Primary to Part D,12856808.16,52
2026-08,Converted Compliance Fee,5137361.818181818,10
2026-08,ESRD Primary to Part D,2795.23,5
2026-08,Hospice Primary to Part D,138195.22,31
2026-08,MC Part D Secondary,53239.89,15
2026-08,Medicaid Not Primary,2317918.18,8
2026-08,OI Prime,3626468.87,51
2026-08,Part D Primary to Commercial,957957.19,19
2026-08,Post Term,1567336.21,48
2026-08,RxMedical,1127978.38,486
2026-08,TPL Primary to Part D,15777.47,15
2026-08,Workers Comp Primary to Part D,607.87,2
2026-09,COBC OI Primary to Part D,404002.96,7
2026-09,Hospice Primary to Part D,18260.36,3
2026-09,MC Part D Secondary,4465.45,2
2026-09,Medicaid Not Primary,13132.27,2
2026-09,OI Prime,143969.13,8
2026-09,Part D Primary to Commercial,609.72,2
2026-09,Post Term,469239.61,6
2026-09,RxMedical,103055.5,49
2026-09,TPL Primary to Part D,365.72,2
2026-09,Workers Comp Primary to Part D,586.16,1
